ticker,date,strategy,direction,entry_price,exit_price,stop_price,target_price,entry_time,exit_time,pnl,pnl_pct,outcome,days_held,position_size_actual,quality_score,quality_flags,regime_composite,regime_volatility,regime_cycle,regime_risk,regime_monetary,metadata
NVDA,2026-02-25,ORB Breakout,long,197.22201889038084,195.6841248779297,194.02999877929688,200.01998901367188,11:35:00,15:55:00,-2.41,-0.7798,close,1,6.18,TMBV,"{'trend_aligned': True, 'trend_label': 'strong_up', 'monday_confluence': True, 'breakout_pct': 1.03, 'vol_ratio': np.float64(7.63)}",Expansion,Normal,Expansion,Mixed,Pause,"{'orb_high': 195.0, 'orb_low': 194.02999877929688, 'max_hold_days': 1}"
PLD,2026-02-26,ORB Breakout,long,142.79765377807615,142.51734365844726,140.35000610351562,144.95999145507812,15:45:00,15:55:00,-0.57,-0.1963,close,1,5.83,TMBV,"{'trend_aligned': True, 'trend_label': 'strong_up', 'monday_confluence': True, 'breakout_pct': 1.17, 'vol_ratio': np.float64(2.01)}",Expansion,Normal,Expansion,Mixed,Pause,"{'orb_high': 140.97999572753906, 'orb_low': 140.35000610351562, 'max_hold_days': 1}"
XLV,2026-02-26,PDHL Breakout,short,156.57326573181152,157.587422668457,159.58433381915643,153.8756576359217,13:35:00,15:55:00,-1.68,-0.6477,close,1,5.2,WV,"{'pdh': 158.5780847477688, 'pdl': 156.97467571628732, 'vol_ratio': np.float64(2.0), 'vwap_confirmed': True, 'vwap_value': 156.91374634502446}",Expansion,Normal,Expansion,Mixed,Pause,"{'pdh': 158.5780847477688, 'pdl': 156.97467571628732, 'pd_mid': 157.77638023202806, 'risk': 2.8543380916173646, 'max_hold_days': 1}"
ABBV,2026-03-04,ORB Breakout,long,236.64641366577143,235.88387512207032,232.0769958496093,240.7430114746093,15:50:00,15:55:00,-0.83,-0.3222,close,1,5.18,TMBV,"{'trend_aligned': True, 'trend_label': 'strong_up', 'monday_confluence': True, 'breakout_pct': 1.02, 'vol_ratio': np.float64(2.43)}",Expansion,Elevated,Expansion,Mixed,Pause,"{'orb_high': 234.0, 'orb_low': 232.07699584960938, 'max_hold_days': 1}"
CRH,2026-03-04,ORB Breakout,short,112.5273593902588,113.37326213836668,114.69000244140624,110.58999633789062,12:05:00,15:55:00,-1.96,-0.7517,close,1,5.2,TMBV,"{'trend_aligned': True, 'trend_label': 'strong_down', 'monday_confluence': True, 'breakout_pct': 1.14, 'vol_ratio': np.float64(2.01)}",Expansion,Elevated,Expansion,Mixed,Pause,"{'orb_high': 114.69000244140625, 'orb_low': 113.91999816894531, 'max_hold_days': 1}"
EQIX,2026-04-06,ORB Breakout,long,1017.0159999999998,1015.9989839999998,999.0,1033.0,15:55:00,,-0.28,-0.1,close,1,5.65,TMBV,"{'trend_aligned': True, 'trend_label': 'strong_up', 'monday_confluence': True, 'breakout_pct': 1.48, 'vol_ratio': np.float64(4.84)}",Healthy Expansion,Elevated,Expansion,Risk-On,Tightening,"{'orb_high': 1001.0, 'orb_low': 999.0, 'max_hold_days': 1}"
SPG,2026-04-06,ORB Breakout,long,190.57537950134275,190.05975,187.3999938964844,193.3699951171875,15:25:00,15:55:00,-0.81,-0.2706,close,1,6.0,TMBV,"{'trend_aligned': True, 'trend_label': 'up', 'monday_confluence': True, 'breakout_pct': 1.01, 'vol_ratio': np.float64(3.05)}",Healthy Expansion,Elevated,Expansion,Risk-On,Tightening,"{'orb_high': 188.47000122070312, 'orb_low': 187.39999389648438, 'max_hold_days': 1}"
BRK-B,2026-04-08,PDHL Breakout,long,482.43196221923824,479.28024975585936,472.9232264927455,490.976797921317,11:35:00,15:55:00,-1.66,-0.6533,close,1,5.07,WV,"{'pdh': 479.489990234375, 'pdl': 475.3500061035156, 'vol_ratio': np.float64(2.3), 'vwap_confirmed': True, 'vwap_value': 481.3923765388202}",Healthy Expansion,Elevated,Expansion,Risk-On,Tightening,"{'pdh': 479.489990234375, 'pdl': 475.3500061035156, 'pd_mid': 477.4199981689453, 'risk': 9.026785714285722, 'max_hold_days': 1}"
BRK-B,2026-04-09,PDHL Breakout,long,487.2167409973144,484.6948126831055,477.7032252720424,495.75679670061385,12:00:00,15:55:00,-1.33,-0.5176,close,1,5.12,WV,"{'pdh': 479.489990234375, 'pdl': 475.3500061035156, 'vol_ratio': np.float64(2.07), 'vwap_confirmed': True, 'vwap_value': 482.9678915962538}",Healthy Expansion,Normal,Expansion,Risk-On,Tightening,"{'pdh': 479.489990234375, 'pdl': 475.3500061035156, 'pd_mid': 477.4199981689453, 'risk': 9.026785714285722, 'max_hold_days': 1}"
BRK-B,2026-04-13,PDHL Breakout,long,480.7402697753906,479.7198121948242,471.2332240513393,489.2867954799107,15:20:00,15:55:00,-0.54,-0.2123,close,1,5.06,WV,"{'pdh': 479.489990234375, 'pdl': 475.3500061035156, 'vol_ratio': np.float64(2.02), 'vwap_confirmed': True, 'vwap_value': 479.31037030648605}",Healthy Expansion,Normal,Expansion,Risk-On,Tightening,"{'pdh': 479.489990234375, 'pdl': 475.3500061035156, 'pd_mid': 477.4199981689453, 'risk': 9.026785714285722, 'max_hold_days': 1}"
XLE,2026-04-14,PDHL Breakout,short,55.78915621948242,55.97591816711425,58.17408434589506,53.51591809551119,10:35:00,15:55:00,-0.39,-0.3348,close,1,5.85,WV,"{'pdh': 59.645198822021484, 'pdl': 58.89099884033203, 'vol_ratio': np.float64(7.51), 'vwap_confirmed': True, 'vwap_value': 55.936804830073875}",Healthy Expansion,Normal,Expansion,Risk-On,Tightening,"{'pdh': 59.645198822021484, 'pdl': 58.89099884033203, 'pd_mid': 59.26809883117676, 'risk': 2.3290831251919357, 'max_hold_days': 1}"
XLV,2026-04-14,PDHL Breakout,long,149.53938938903806,148.64120329284668,146.2975559408363,152.48244283846057,12:45:00,15:55:00,-1.39,-0.6006,close,1,11.53,WV,"{'pdh': 147.1300048828125, 'pdl': 145.86000061035156, 'vol_ratio': np.float64(2.34), 'vwap_confirmed': True, 'vwap_value': 149.00306884121204}",Healthy Expansion,Normal,Expansion,Risk-On,Tightening,"{'pdh': 147.1300048828125, 'pdl': 145.86000061035156, 'pd_mid': 146.49500274658203, 'risk': 3.0924434488121335, 'max_hold_days': 1}"
XLB,2026-04-14,PDHL Breakout,long,52.07202045822143,52.01994843776321,50.56823606706636,53.471764848460985,15:55:00,,-0.17,-0.1,close,1,8.66,WV,"{'pdh': 50.43000030517578, 'pdl': 49.849998474121094, 'vol_ratio': np.float64(4.69), 'vwap_confirmed': True, 'vwap_value': 51.9923423667458}",Healthy Expansion,Normal,Expansion,Risk-On,Tightening,"{'pdh': 50.43000030517578, 'pdl': 49.849998474121094, 'pd_mid': 50.13999938964844, 'risk': 1.4517643906973134, 'max_hold_days': 1}"
XLY,2026-04-14,PDHL Breakout,long,115.9758606109619,116.32356243896484,112.32867006400592,119.3913311566972,10:40:00,15:55:00,0.48,0.2998,close,1,7.95,WV,"{'pdh': 109.2300033569336, 'pdl': 107.93000030517578, 'vol_ratio': np.float64(4.65), 'vwap_confirmed': True, 'vwap_value': 115.61430202134373}",Healthy Expansion,Normal,Expansion,Risk-On,Tightening,"{'pdh': 109.2300033569336, 'pdl': 107.93000030517578, 'pd_mid': 108.58000183105469, 'risk': 3.531330546345629, 'max_hold_days': 1}"
XLRE,2026-04-14,PDHL Breakout,long,43.28824393081665,43.39655862808228,42.22503065664397,44.26496720712556,13:15:00,15:55:00,0.51,0.2502,close,1,10.18,WV,"{'pdh': 41.86989974975586, 'pdl': 41.40999984741211, 'vol_ratio': np.float64(2.02), 'vwap_confirmed': True, 'vwap_value': 43.0946549180391}",Healthy Expansion,Normal,Expansion,Risk-On,Tightening,"{'pdh': 41.86989974975586, 'pdl': 41.40999984741211, 'pd_mid': 41.639949798583984, 'risk': 1.0199682752407924, 'max_hold_days': 1}"
AMZN,2026-04-14,PDHL Breakout,long,248.51746475219724,248.7809687805176,239.76526750837053,256.7731236049107,11:45:00,15:55:00,0.15,0.106,close,1,7.1,WV,"{'pdh': 212.9499969482422, 'pdl': 209.58999633789062, 'vol_ratio': np.float64(2.0), 'vwap_confirmed': True, 'vwap_value': 246.10015461700343}",Healthy Expansion,Normal,Expansion,Risk-On,Tightening,"{'pdh': 212.9499969482422, 'pdl': 209.58999633789062, 'pd_mid': 211.2699966430664, 'risk': 8.503928048270097, 'max_hold_days': 1}"
XLC,2026-04-14,PDHL Breakout,long,116.10598786163328,116.42346091461182,113.31180110827684,118.6681946192622,10:25:00,15:55:00,0.57,0.2734,close,1,10.39,WV,"{'pdh': 112.5199966430664, 'pdl': 111.66000366210938, 'vol_ratio': np.float64(6.41), 'vwap_confirmed': True, 'vwap_value': 115.80831507443119}",Healthy Expansion,Normal,Expansion,Risk-On,Tightening,"{'pdh': 112.5199966430664, 'pdl': 111.66000366210938, 'pd_mid': 112.09000015258789, 'risk': 2.678196755492678, 'max_hold_days': 1}"
AVGO,2026-04-14,PDHL Breakout,long,380.1938093566894,380.4191878051758,362.96226876779576,396.6657219548605,15:50:00,15:55:00,0.07,0.0593,close,1,5.52,WV,"{'pdh': 316.3500061035156, 'pdl': 310.2799987792969, 'vol_ratio': np.float64(2.4), 'vwap_confirmed': True, 'vwap_value': 379.5767513726828}",Healthy Expansion,Normal,Expansion,Risk-On,Tightening,"{'pdh': 316.3500061035156, 'pdl': 310.2799987792969, 'pd_mid': 313.31500244140625, 'risk': 16.851726593532362, 'max_hold_days': 1}"
XLF,2026-04-14,PDHL Breakout,long,51.87682576370239,51.72322652435303,50.52308402487617,53.12691750100274,10:50:00,15:55:00,-0.57,-0.2961,close,1,9.58,WV,"{'pdh': 50.005001068115234, 'pdl': 49.45000076293945, 'vol_ratio': np.float64(4.5), 'vwap_confirmed': True, 'vwap_value': 51.711454421677914}",Healthy Expansion,Normal,Expansion,Risk-On,Tightening,"{'pdh': 50.005001068115234, 'pdl': 49.45000076293945, 'pd_mid': 49.727500915527344, 'risk': 1.3019167380632837, 'max_hold_days': 1}"
NFLX,2026-04-14,PDHL Breakout,long,106.04093255615231,106.11378121948242,101.50517845153809,110.3648166656494,14:45:00,15:55:00,0.08,0.0687,close,1,5.84,WV,"{'pdh': 102.68499755859375, 'pdl': 97.97000122070312, 'vol_ratio': np.float64(3.81), 'vwap_confirmed': True, 'vwap_value': 105.37708687695367}",Healthy Expansion,Normal,Expansion,Risk-On,Tightening,"{'pdh': 102.68499755859375, 'pdl': 97.97000122070312, 'pd_mid': 100.32749938964844, 'risk': 4.429819107055664, 'max_hold_days': 1}"
BAC,2026-04-14,PDHL Breakout,long,53.56851438903808,53.296648475646975,51.80607032775879,55.223928451538086,13:35:00,15:55:00,-0.77,-0.5075,close,1,7.6,WV,"{'pdh': 50.08000183105469, 'pdl': 49.25, 'vol_ratio': np.float64(2.15), 'vwap_confirmed': True, 'vwap_value': 53.2522855702222}",Healthy Expansion,Normal,Expansion,Risk-On,Tightening,"{'pdh': 50.08000183105469, 'pdl': 49.25, 'pd_mid': 49.665000915527344, 'risk': 1.7089290618896484, 'max_hold_days': 1}"
CPER,2026-04-14,PDHL Breakout,long,37.32719163513183,37.23273045730591,36.04490225655692,38.53490121023996,12:00:00,15:55:00,-0.37,-0.2531,close,1,7.28,WV,"{'pdh': 34.40999984741211, 'pdl': 34.099998474121094, 'vol_ratio': np.float64(3.38), 'vwap_confirmed': True, 'vwap_value': 37.23016306701715}",Healthy Expansion,Normal,Expansion,Risk-On,Tightening,"{'pdh': 34.40999984741211, 'pdl': 34.099998474121094, 'pd_mid': 34.2549991607666, 'risk': 1.244999476841521, 'max_hold_days': 1}"
V,2026-04-14,PDHL Breakout,long,311.73641278076167,311.4246763679809,301.43606458391463,321.41391100202287,15:55:00,,-0.15,-0.1,close,1,7.57,WV,"{'pdh': 304.3299865722656, 'pdl': 299.4599914550781, 'vol_ratio': np.float64(4.95), 'vwap_confirmed': True, 'vwap_value': 310.8364745736848}",Healthy Expansion,Normal,Expansion,Risk-On,Tightening,"{'pdh': 304.3299865722656, 'pdl': 299.4599914550781, 'pd_mid': 301.8949890136719, 'risk': 9.988923209054121, 'max_hold_days': 1}"
GLD,2026-04-14,PDHL Breakout,long,442.83240466308587,444.5849687805176,421.654664175851,463.125365121024,12:15:00,15:55:00,0.41,0.3958,close,1,5.23,WV,"{'pdh': 431.489990234375, 'pdl': 426.7699890136719, 'vol_ratio': np.float64(2.95), 'vwap_confirmed': True, 'vwap_value': 440.9732339355669}",Healthy Expansion,Normal,Expansion,Risk-On,Tightening,"{'pdh': 431.489990234375, 'pdl': 426.7699890136719, 'pd_mid': 429.12998962402344, 'risk': 20.735350472586504, 'max_hold_days': 1}"
MA,2026-04-14,PDHL Breakout,long,510.7402409973144,512.626874633789,492.3763939993722,528.083627973284,10:35:00,15:55:00,0.51,0.3694,close,1,6.95,WV,"{'pdh': 501.20001220703125, 'pdl': 491.1763000488281, 'vol_ratio': np.float64(2.69), 'vwap_confirmed': True, 'vwap_value': 510.0664069486498}",Healthy Expansion,Normal,Expansion,Risk-On,Tightening,"{'pdh': 501.20001220703125, 'pdl': 491.1763000488281, 'pd_mid': 496.1881561279297, 'risk': 17.8536169869559, 'max_hold_days': 1}"
GOOG,2026-04-14,PDHL Breakout,long,329.5292122192382,330.2494065856933,317.62644849504744,340.77357591901506,14:20:00,15:55:00,0.3,0.2186,close,1,6.92,WV,"{'pdh': 297.57000732421875, 'pdl': 293.79998779296875, 'vol_ratio': np.float64(2.18), 'vwap_confirmed': True, 'vwap_value': 326.87855592393663}",Healthy Expansion,Normal,Expansion,Risk-On,Tightening,"{'pdh': 297.57000732421875, 'pdl': 293.79998779296875, 'pd_mid': 295.68499755859375, 'risk': 11.573563711983809, 'max_hold_days': 1}"
XLK,2026-04-14,PDHL Breakout,long,147.2772265319824,147.7520939025879,142.1271949393135,152.13299793178024,14:45:00,15:55:00,0.46,0.3224,close,1,7.15,WV,"{'pdh': 137.25, 'pdl': 135.7100067138672, 'vol_ratio': np.float64(2.64), 'vwap_confirmed': True, 'vwap_value': 146.84162996054778}",Healthy Expansion,Normal,Expansion,Risk-On,Tightening,"{'pdh': 137.25, 'pdl': 135.7100067138672, 'pd_mid': 136.4800033569336, 'risk': 5.002901496233363, 'max_hold_days': 1}"
MSFT,2026-04-14,PDHL Breakout,long,392.6522697753906,392.71687536621096,379.9365931919643,404.5834263392857,15:30:00,15:55:00,0.03,0.0165,close,1,7.72,WV,"{'pdh': 373.7300109863281, 'pdl': 369.50140380859375, 'vol_ratio': np.float64(3.65), 'vwap_confirmed': True, 'vwap_value': 392.107878938996}",Healthy Expansion,Normal,Expansion,Risk-On,Tightening,"{'pdh': 373.7300109863281, 'pdl': 369.50140380859375, 'pd_mid': 371.61570739746094, 'risk': 12.323416573660722, 'max_hold_days': 1}"
NVDA,2026-04-14,PDHL Breakout,long,195.74054316711425,196.2935154876709,188.08035387311665,203.009642464774,15:00:00,15:55:00,0.36,0.2825,close,1,6.39,WV,"{'pdh': 177.7899932861328, 'pdl': 175.75999450683594, 'vol_ratio': np.float64(4.85), 'vwap_confirmed': True, 'vwap_value': 193.41608141228951}",Healthy Expansion,Normal,Expansion,Risk-On,Tightening,"{'pdh': 177.7899932861328, 'pdl': 175.75999450683594, 'pd_mid': 176.77499389648438, 'risk': 7.464644295828691, 'max_hold_days': 1}"
META,2026-04-14,PDHL Breakout,long,661.395720336914,661.8874378051758,631.4099905831473,690.0599801199777,15:40:00,15:55:00,0.08,0.0743,close,1,5.51,WV,"{'pdh': 582.7899780273438, 'pdl': 573.5599975585938, 'vol_ratio': np.float64(2.28), 'vwap_confirmed': True, 'vwap_value': 657.2094409306744}",Healthy Expansion,Normal,Expansion,Risk-On,Tightening,"{'pdh': 582.7899780273438, 'pdl': 573.5599975585938, 'pd_mid': 578.1749877929688, 'risk': 29.324994768415195, 'max_hold_days': 1}"
XLI,2026-04-14,PDHL Breakout,long,173.7836106109619,173.19662512207032,168.3043083037288,178.91569291697434,12:25:00,15:55:00,-0.54,-0.3378,close,1,7.93,WV,"{'pdh': 164.35009765625, 'pdl': 162.77000427246094, 'vol_ratio': np.float64(2.59), 'vwap_confirmed': True, 'vwap_value': 173.26010883455714}",Healthy Expansion,Normal,Expansion,Risk-On,Tightening,"{'pdh': 164.35009765625, 'pdl': 162.77000427246094, 'pd_mid': 163.56005096435547, 'risk': 5.305692306622774, 'max_hold_days': 1}"
CVX,2026-04-14,PDHL Breakout,short,184.8599531707764,187.1369469451904,193.5402385166713,176.54975782121932,12:55:00,15:55:00,-1.31,-1.2317,close,1,5.32,WV,"{'pdh': 199.7698974609375, 'pdl': 196.3509979248047, 'vol_ratio': np.float64(2.06), 'vwap_confirmed': True, 'vwap_value': 186.45468094023695}",Healthy Expansion,Normal,Expansion,Risk-On,Tightening,"{'pdh': 199.7698974609375, 'pdl': 196.3509979248047, 'pd_mid': 198.0604476928711, 'risk': 8.495240347725996, 'max_hold_days': 1}"
CAT,2026-04-14,PDHL Breakout,long,795.2244226684569,793.595624633789,756.741433279855,832.1185520717075,15:05:00,15:55:00,-0.21,-0.2048,close,1,5.17,WV,"{'pdh': 722.5700073242188, 'pdl': 704.27001953125, 'vol_ratio': np.float64(8.46), 'vwap_confirmed': True, 'vwap_value': 792.696741224564}",Healthy Expansion,Normal,Expansion,Risk-On,Tightening,"{'pdh': 722.5700073242188, 'pdl': 704.27001953125, 'pd_mid': 713.4200134277344, 'risk': 37.68855939592629, 'max_hold_days': 1}"
LIN,2026-04-14,PDHL Breakout,short,495.3391564636231,500.04052609252926,510.4332155500139,481.2367673601423,13:20:00,15:55:00,-1.56,-0.9491,close,1,8.2,WV,"{'pdh': 503.6199951171875, 'pdl': 497.2699890136719, 'vol_ratio': np.float64(2.36), 'vwap_confirmed': True, 'vwap_value': 497.47682487298994}",Healthy Expansion,Normal,Expansion,Risk-On,Tightening,"{'pdh': 503.6199951171875, 'pdl': 497.2699890136719, 'pd_mid': 500.4449920654297, 'risk': 14.598224094935802, 'max_hold_days': 1}"
GE,2026-04-14,PDHL Breakout,long,317.677345336914,317.63206219482424,301.9126717703683,332.8072989327567,13:30:00,15:55:00,-0.01,-0.0143,close,1,5.04,WV,"{'pdh': 287.0950012207031, 'pdl': 278.57000732421875, 'vol_ratio': np.float64(2.29), 'vwap_confirmed': True, 'vwap_value': 317.1003946999534}",Healthy Expansion,Normal,Expansion,Risk-On,Tightening,"{'pdh': 287.0950012207031, 'pdl': 278.57000732421875, 'pd_mid': 282.83250427246094, 'risk': 15.44731358119418, 'max_hold_days': 1}"
RTX,2026-04-14,PDHL Breakout,long,203.0028030548096,202.60718756103515,195.6439339773996,209.95607212611608,15:50:00,15:55:00,-0.27,-0.1949,close,1,6.9,WV,"{'pdh': 198.32000732421875, 'pdl': 195.0, 'vol_ratio': np.float64(2.39), 'vwap_confirmed': True, 'vwap_value': 202.6757468130595}",Healthy Expansion,Normal,Expansion,Risk-On,Tightening,"{'pdh': 198.32000732421875, 'pdl': 195.0, 'pd_mid': 196.66000366210938, 'risk': 7.156069074358271, 'max_hold_days': 1}"
BA,2026-04-14,PDHL Breakout,long,224.7995719451904,223.5562187805176,214.29999433244976,234.8499995640346,11:00:00,15:55:00,-0.59,-0.5531,close,1,5.35,WV,"{'pdh': 211.74000549316406, 'pdl': 207.3699951171875, 'vol_ratio': np.float64(2.47), 'vwap_confirmed': True, 'vwap_value': 223.53899336483641}",Healthy Expansion,Normal,Expansion,Risk-On,Tightening,"{'pdh': 211.74000549316406, 'pdl': 207.3699951171875, 'pd_mid': 209.55500030517578, 'risk': 10.275002615792403, 'max_hold_days': 1}"
HD,2026-04-14,PDHL Breakout,long,341.9766447753906,342.36728146362304,328.798227582659,354.471791948591,14:35:00,15:55:00,0.15,0.1142,close,1,6.49,WV,"{'pdh': 325.8900146484375, 'pdl': 318.9200134277344, 'vol_ratio': np.float64(2.12), 'vwap_confirmed': True, 'vwap_value': 341.2507643245246}",Healthy Expansion,Normal,Expansion,Risk-On,Tightening,"{'pdh': 325.8900146484375, 'pdl': 318.9200134277344, 'pd_mid': 322.40501403808594, 'risk': 12.836782182965976, 'max_hold_days': 1}"
MCD,2026-04-14,PDHL Breakout,short,301.5930940246582,303.58327877807614,310.1460647583008,293.64391326904297,14:05:00,15:55:00,-1.16,-0.6599,close,1,8.82,WV,"{'pdh': 309.7349853515625, 'pdl': 305.80499267578125, 'vol_ratio': np.float64(2.77), 'vwap_confirmed': True, 'vwap_value': 302.4484961672848}",Healthy Expansion,Normal,Expansion,Risk-On,Tightening,"{'pdh': 309.7349853515625, 'pdl': 305.80499267578125, 'pd_mid': 307.7699890136719, 'risk': 8.251075744628906, 'max_hold_days': 1}"
LLY,2026-04-14,PDHL Breakout,short,917.5615004882812,923.642690673828,959.5960584368024,877.3639025006976,14:45:00,15:55:00,-0.72,-0.6628,close,1,5.46,WV,"{'pdh': 935.989990234375, 'pdl': 920.3200073242188, 'vol_ratio': np.float64(2.93), 'vwap_confirmed': True, 'vwap_value': 931.9655746429141}",Healthy Expansion,Normal,Expansion,Risk-On,Tightening,"{'pdh': 935.989990234375, 'pdl': 920.3200073242188, 'pd_mid': 928.1549987792969, 'risk': 41.11607796805242, 'max_hold_days': 1}"
KO,2026-04-14,PDHL Breakout,short,75.96396091461182,75.98591366577148,77.85052245003837,74.22947938101632,15:50:00,15:55:00,-0.06,-0.0289,close,1,10.07,WV,"{'pdh': 77.18000030517578, 'pdl': 76.2218017578125, 'vol_ratio': np.float64(3.09), 'vwap_confirmed': True, 'vwap_value': 76.24111320049984}",Healthy Expansion,Normal,Expansion,Risk-On,Tightening,"{'pdh': 77.18000030517578, 'pdl': 76.2218017578125, 'pd_mid': 76.70090103149414, 'risk': 1.8105215345110253, 'max_hold_days': 1}"
SPG,2026-04-14,PDHL Breakout,long,202.41221672058103,202.72706268310543,196.45804595947263,207.9619674682617,14:00:00,15:55:00,0.26,0.1555,close,1,8.5,WV,"{'pdh': 189.92999267578125, 'pdl': 187.22500610351562, 'vol_ratio': np.float64(2.44), 'vwap_confirmed': True, 'vwap_value': 201.82274852875412}",Healthy Expansion,Normal,Expansion,Risk-On,Tightening,"{'pdh': 189.92999267578125, 'pdl': 187.22500610351562, 'pd_mid': 188.57749938964844, 'risk': 5.751960754394531, 'max_hold_days': 1}"
ABBV,2026-04-14,PDHL Breakout,long,210.1324231109619,210.1196718292236,201.4967896597726,218.3482115609305,15:45:00,15:55:00,-0.01,-0.0061,close,1,6.08,WV,"{'pdh': 209.0, 'pdl': 205.60000610351562, 'vol_ratio': np.float64(2.02), 'vwap_confirmed': True, 'vwap_value': 208.01186942192683}",Healthy Expansion,Normal,Expansion,Risk-On,Tightening,"{'pdh': 209.0, 'pdl': 205.60000610351562, 'pd_mid': 207.3000030517578, 'risk': 8.425710950578974, 'max_hold_days': 1}"
EQIX,2026-04-14,PDHL Breakout,long,1055.0840593261717,1056.2127495117188,1026.7257407052175,1081.3343178885325,13:00:00,15:55:00,0.2,0.107,close,1,9.3,WV,"{'pdh': 1014.9650268554688, 'pdl': 997.864990234375, 'vol_ratio': np.float64(2.3), 'vwap_confirmed': True, 'vwap_value': 1053.2426860342382}",Healthy Expansion,Normal,Expansion,Risk-On,Tightening,"{'pdh': 1014.9650268554688, 'pdl': 997.864990234375, 'pd_mid': 1006.4150085449219, 'risk': 27.30428859165727, 'max_hold_days': 1}"
PG,2026-04-14,PDHL Breakout,long,144.45430755615232,144.24560939025878,140.6521372113909,147.9678579057966,15:50:00,15:55:00,-0.27,-0.1445,close,1,9.5,WV,"{'pdh': 143.6699981689453, 'pdl': 141.94000244140625, 'vol_ratio': np.float64(2.96), 'vwap_confirmed': True, 'vwap_value': 144.22340114305845}",Healthy Expansion,Normal,Expansion,Risk-On,Tightening,"{'pdh': 143.6699981689453, 'pdl': 141.94000244140625, 'pd_mid': 142.80500030517578, 'risk': 3.657860347202842, 'max_hold_days': 1}"
NEE,2026-04-14,PDHL Breakout,short,90.82907817077636,91.42633408355712,93.79089164733888,88.04910469055176,12:50:00,15:55:00,-1.01,-0.6576,close,1,7.67,WV,"{'pdh': 93.65499877929688, 'pdl': 92.61000061035156, 'vol_ratio': np.float64(2.35), 'vwap_confirmed': True, 'vwap_value': 91.30410399361594}",Healthy Expansion,Normal,Expansion,Risk-On,Tightening,"{'pdh': 93.65499877929688, 'pdl': 92.61000061035156, 'pd_mid': 93.13249969482422, 'risk': 2.8708934783935547, 'max_hold_days': 1}"
SO,2026-04-14,PDHL Breakout,short,95.25464847564696,96.12602877807616,97.70285306658064,92.99714388166156,11:55:00,15:55:00,-1.78,-0.9148,close,1,9.73,WV,"{'pdh': 97.94000244140625, 'pdl': 96.95999908447266, 'vol_ratio': np.float64(2.06), 'vwap_confirmed': True, 'vwap_value': 95.42908656847584}",Healthy Expansion,Normal,Expansion,Risk-On,Tightening,"{'pdh': 97.94000244140625, 'pdl': 96.95999908447266, 'pd_mid': 97.45000076293945, 'risk': 2.3528545924595363, 'max_hold_days': 1}"
COP,2026-04-14,PDHL Breakout,short,118.08179695129394,118.89877877807616,123.8346369607108,112.56535693577358,10:50:00,15:55:00,-0.71,-0.6919,close,1,5.13,WV,"{'pdh': 131.72999572753906, 'pdl': 129.35000610351562, 'vol_ratio': np.float64(2.24), 'vwap_confirmed': True, 'vwap_value': 119.7198029622821}",Healthy Expansion,Normal,Expansion,Risk-On,Tightening,"{'pdh': 131.72999572753906, 'pdl': 129.35000610351562, 'pd_mid': 130.54000091552734, 'risk': 5.6346400124686085, 'max_hold_days': 1}"
AEP,2026-04-14,PDHL Breakout,long,134.65951889038084,135.3345312194824,130.6999966757638,138.34999111720495,10:20:00,15:55:00,0.85,0.5013,close,1,8.5,WV,"{'pdh': 133.1199951171875, 'pdl': 131.6999969482422, 'vol_ratio': np.float64(2.29), 'vwap_confirmed': True, 'vwap_value': 133.96250385410437}",Healthy Expansion,Normal,Expansion,Risk-On,Tightening,"{'pdh': 133.1199951171875, 'pdl': 131.6999969482422, 'pd_mid': 132.40999603271484, 'risk': 3.824997220720576, 'max_hold_days': 1}"
WELL,2026-04-14,PDHL Breakout,long,209.1789712219238,210.76901573181152,202.07428359985352,215.8657188415528,13:20:00,15:55:00,1.12,0.7601,close,1,7.36,WV,"{'pdh': 203.08999633789062, 'pdl': 201.1699981689453, 'vol_ratio': np.float64(5.27), 'vwap_confirmed': True, 'vwap_value': 207.55707071227087}",Healthy Expansion,Normal,Expansion,Risk-On,Tightening,"{'pdh': 203.08999633789062, 'pdl': 201.1699981689453, 'pd_mid': 202.12999725341797, 'risk': 6.895717620849609, 'max_hold_days': 1}"
GOOGL,2026-04-14,PDHL Breakout,long,332.1067688903808,332.5970626831055,319.489990234375,344.0599975585937,15:50:00,15:55:00,0.19,0.1476,close,1,6.58,WV,"{'pdh': 299.7200012207031, 'pdl': 295.17999267578125, 'vol_ratio': np.float64(2.65), 'vwap_confirmed': True, 'vwap_value': 329.7142259793432}",Healthy Expansion,Normal,Expansion,Risk-On,Tightening,"{'pdh': 299.7200012207031, 'pdl': 295.17999267578125, 'pd_mid': 297.4499969482422, 'risk': 12.285003662109375, 'max_hold_days': 1}"
PLD,2026-04-14,PDHL Breakout,long,138.14800450134277,138.2416248779297,133.79928071158272,142.22070830208915,13:20:00,15:55:00,0.11,0.0678,close,1,7.94,WV,"{'pdh': 134.08999633789062, 'pdl': 132.3300018310547, 'vol_ratio': np.float64(2.19), 'vwap_confirmed': True, 'vwap_value': 137.88996878256012}",Healthy Expansion,Normal,Expansion,Risk-On,Tightening,"{'pdh': 134.08999633789062, 'pdl': 132.3300018310547, 'pd_mid': 133.20999908447266, 'risk': 4.210713795253213, 'max_hold_days': 1}"
SHW,2026-04-15,PDHL Breakout,long,329.20888488769526,328.8796760028076,315.3403527396066,342.4196570260184,15:55:00,,-0.12,-0.1,close,1,5.93,WV,"{'pdh': 318.1400146484375, 'pdl': 313.7200012207031, 'vol_ratio': np.float64(6.88), 'vwap_confirmed': True, 'vwap_value': 328.6152632017052}",Healthy Expansion,Normal,Expansion,Risk-On,Tightening,"{'pdh': 318.1400146484375, 'pdl': 313.7200012207031, 'pd_mid': 315.9300079345703, 'risk': 13.539652143205899, 'max_hold_days': 1}"
WMB,2026-04-15,PDHL Breakout,short,70.77914847564698,70.82575225067139,73.45142527988979,68.2485716683524,14:30:00,15:55:00,-0.09,-0.0658,close,1,6.62,WV,"{'pdh': 73.0, 'pdl': 71.7300033569336, 'vol_ratio': np.float64(2.93), 'vwap_confirmed': True, 'vwap_value': 70.95452371211093}",Healthy Expansion,Normal,Expansion,Risk-On,Tightening,"{'pdh': 73.0, 'pdl': 71.7300033569336, 'pd_mid': 72.3650016784668, 'risk': 2.6014268057686962, 'max_hold_days': 1}"
JNJ,2026-04-15,PDHL Breakout,short,237.9118439025879,238.8886438903808,244.1209880283901,232.1789997645787,11:35:00,15:55:00,-0.79,-0.4106,close,1,9.58,WV,"{'pdh': 243.51930236816406, 'pdl': 240.82000732421875, 'vol_ratio': np.float64(2.23), 'vwap_confirmed': True, 'vwap_value': 238.65202964324294}",Healthy Expansion,Normal,Expansion,Risk-On,Tightening,"{'pdh': 243.51930236816406, 'pdl': 240.82000732421875, 'pd_mid': 242.1696548461914, 'risk': 5.970994131905684, 'max_hold_days': 1}"
MRK,2026-04-15,PDHL Breakout,short,117.34253908538818,118.03291591644286,121.23357227870396,113.68642589024137,10:30:00,15:55:00,-0.89,-0.5883,close,1,7.54,WV,"{'pdh': 121.4800033569336, 'pdl': 120.05000305175781, 'vol_ratio': np.float64(2.54), 'vwap_confirmed': True, 'vwap_value': 118.86070323579716}",Healthy Expansion,Normal,Expansion,Risk-On,Tightening,"{'pdh': 121.4800033569336, 'pdl': 120.05000305175781, 'pd_mid': 120.7650032043457, 'risk': 3.7735731942313038, 'max_hold_days': 1}"
UNH,2026-04-15,PDHL Breakout,long,314.8945665588379,313.79587536621096,303.3257064819336,325.83426666259766,15:50:00,15:55:00,-0.47,-0.3489,close,1,6.8,WV,"{'pdh': 283.29998779296875, 'pdl': 277.25, 'vol_ratio': np.float64(2.92), 'vwap_confirmed': True, 'vwap_value': 313.17617507649345}",Healthy Expansion,Normal,Expansion,Risk-On,Tightening,"{'pdh': 283.29998779296875, 'pdl': 277.25, 'pd_mid': 280.2749938964844, 'risk': 11.254280090332031, 'max_hold_days': 1}"
CRH,2026-04-15,PDHL Breakout,long,116.69658183288573,116.11377335357666,111.48964445931573,121.67035920279366,11:30:00,15:55:00,-0.56,-0.4994,close,1,5.6,WV,"{'pdh': 105.75, 'pdl': 103.97000122070312, 'vol_ratio': np.float64(3.25), 'vwap_confirmed': True, 'vwap_value': 116.46906861959616}",Healthy Expansion,Normal,Expansion,Risk-On,Tightening,"{'pdh': 105.75, 'pdl': 103.97000122070312, 'pd_mid': 104.86000061035156, 'risk': 5.090357371738975, 'max_hold_days': 1}"
COP,2026-04-15,PDHL Breakout,short,118.79109365844728,118.9888727493286,124.54464367457798,113.27536364964077,15:50:00,15:55:00,-0.17,-0.1665,close,1,5.16,WV,"{'pdh': 131.72999572753906, 'pdl': 129.35000610351562, 'vol_ratio': np.float64(2.13), 'vwap_confirmed': True, 'vwap_value': 119.19069465430331}",Healthy Expansion,Normal,Expansion,Risk-On,Tightening,"{'pdh': 131.72999572753906, 'pdl': 129.35000610351562, 'pd_mid': 130.54000091552734, 'risk': 5.6346400124686085, 'max_hold_days': 1}"
NFLX,2026-04-15,PDHL Breakout,long,106.11100225067138,107.55234365844728,101.5751781463623,110.43481636047365,11:40:00,15:55:00,1.59,1.3583,close,1,5.85,WV,"{'pdh': 102.68499755859375, 'pdl': 97.97000122070312, 'vol_ratio': np.float64(2.79), 'vwap_confirmed': True, 'vwap_value': 105.89343540444168}",Healthy Expansion,Normal,Expansion,Risk-On,Tightening,"{'pdh': 102.68499755859375, 'pdl': 97.97000122070312, 'pd_mid': 100.32749938964844, 'risk': 4.429819107055664, 'max_hold_days': 1}"
BA,2026-04-15,PDHL Breakout,long,223.8611344451904,223.8059687805176,213.36249433244976,233.9124995640346,14:50:00,15:55:00,-0.03,-0.0246,close,1,5.33,WV,"{'pdh': 211.74000549316406, 'pdl': 207.3699951171875, 'vol_ratio': np.float64(2.04), 'vwap_confirmed': True, 'vwap_value': 222.87066066607088}",Healthy Expansion,Normal,Expansion,Risk-On,Tightening,"{'pdh': 211.74000549316406, 'pdl': 207.3699951171875, 'pd_mid': 209.55500030517578, 'risk': 10.275002615792403, 'max_hold_days': 1}"
AMT,2026-04-15,PDHL Breakout,long,177.48229766845702,176.79303121948243,169.57001440865653,185.039970942906,11:30:00,15:55:00,-0.44,-0.3884,close,1,5.61,WV,"{'pdh': 177.19000244140625, 'pdl': 171.71690368652344, 'vol_ratio': np.float64(2.43), 'vwap_confirmed': True, 'vwap_value': 177.22079132250937}",Healthy Expansion,Normal,Expansion,Risk-On,Tightening,"{'pdh': 177.19000244140625, 'pdl': 171.71690368652344, 'pd_mid': 174.45345306396484, 'risk': 7.734978267124717, 'max_hold_days': 1}"
PM,2026-04-15,PDHL Breakout,short,157.31253121948242,157.3772212219238,163.94807190205438,150.99193053935187,12:10:00,15:55:00,-0.05,-0.0411,close,1,5.93,WV,"{'pdh': 159.77000427246094, 'pdl': 157.52999877929688, 'vol_ratio': np.float64(2.96), 'vwap_confirmed': True, 'vwap_value': 157.9780471707722}",Healthy Expansion,Normal,Expansion,Risk-On,Tightening,"{'pdh': 159.77000427246094, 'pdl': 157.52999877929688, 'pd_mid': 158.6500015258789, 'risk': 6.478070681351255, 'max_hold_days': 1}"
DUK,2026-04-15,PDHL Breakout,short,128.4114532928467,128.10798336029052,131.88928004673548,125.19070652553016,12:20:00,15:55:00,0.44,0.2363,close,1,9.23,WV,"{'pdh': 132.6999969482422, 'pdl': 131.0, 'vol_ratio': np.float64(2.18), 'vwap_confirmed': True, 'vwap_value': 128.71061388545553}",Healthy Expansion,Normal,Expansion,Risk-On,Tightening,"{'pdh': 132.6999969482422, 'pdl': 131.0, 'pd_mid': 131.8499984741211, 'risk': 3.3492867606026664, 'max_hold_days': 1}"
WELL,2026-04-15,PDHL Breakout,long,211.12621376037595,211.07870329284668,204.01958084106445,217.81101608276367,13:45:00,15:55:00,-0.03,-0.0225,close,1,7.43,WV,"{'pdh': 203.08999633789062, 'pdl': 201.1699981689453, 'vol_ratio': np.float64(2.16), 'vwap_confirmed': True, 'vwap_value': 209.87002690488833}",Healthy Expansion,Normal,Expansion,Risk-On,Tightening,"{'pdh': 203.08999633789062, 'pdl': 201.1699981689453, 'pd_mid': 202.12999725341797, 'risk': 6.895717620849609, 'max_hold_days': 1}"
CVX,2026-04-15,PDHL Breakout,short,184.42039073181152,185.01483183288573,193.10023607526503,176.10975537981307,15:50:00,15:55:00,-0.34,-0.3223,close,1,5.31,WV,"{'pdh': 199.7698974609375, 'pdl': 196.3509979248047, 'vol_ratio': np.float64(2.16), 'vwap_confirmed': True, 'vwap_value': 185.51763232756343}",Healthy Expansion,Normal,Expansion,Risk-On,Tightening,"{'pdh': 199.7698974609375, 'pdl': 196.3509979248047, 'pd_mid': 198.0604476928711, 'risk': 8.495240347725996, 'max_hold_days': 1}"
EQIX,2026-04-15,PDHL Breakout,long,1050.519440673828,1051.8870014648437,1022.1656821114676,1076.7742592947825,12:20:00,15:55:00,0.24,0.1302,close,1,9.26,WV,"{'pdh': 1014.9650268554688, 'pdl': 997.864990234375, 'vol_ratio': np.float64(2.14), 'vwap_confirmed': True, 'vwap_value': 1048.5799814116865}",Healthy Expansion,Normal,Expansion,Risk-On,Tightening,"{'pdh': 1014.9650268554688, 'pdl': 997.864990234375, 'pd_mid': 1006.4150085449219, 'risk': 27.304288591657382, 'max_hold_days': 1}"
CAT,2026-04-15,PDHL Breakout,long,770.8601168823242,770.0892567654419,732.4014674595425,807.778586251395,15:55:00,,-0.1,-0.1,close,1,5.01,WV,"{'pdh': 722.5700073242188, 'pdl': 704.27001953125, 'vol_ratio': np.float64(4.8), 'vwap_confirmed': True, 'vwap_value': 769.2799675650649}",Healthy Expansion,Normal,Expansion,Risk-On,Tightening,"{'pdh': 722.5700073242188, 'pdl': 704.27001953125, 'pd_mid': 713.4200134277344, 'risk': 37.68855939592629, 'max_hold_days': 1}"
HD,2026-04-15,PDHL Breakout,long,339.0286924438476,338.5111560974121,325.8532202584403,351.5267846243722,15:45:00,15:55:00,-0.2,-0.1527,close,1,6.43,WV,"{'pdh': 325.8900146484375, 'pdl': 318.9200134277344, 'vol_ratio': np.float64(2.13), 'vwap_confirmed': True, 'vwap_value': 338.28069666409044}",Healthy Expansion,Normal,Expansion,Risk-On,Tightening,"{'pdh': 325.8900146484375, 'pdl': 318.9200134277344, 'pd_mid': 322.40501403808594, 'risk': 12.836782182965976, 'max_hold_days': 1}"
VZ,2026-04-15,PDHL Breakout,short,45.04990621948242,45.08003484725952,46.52482278006418,43.66517966134207,15:45:00,15:55:00,-0.1,-0.0669,close,1,7.64,WV,"{'pdh': 49.72999954223633, 'pdl': 49.05500030517578, 'vol_ratio': np.float64(2.18), 'vwap_confirmed': True, 'vwap_value': 45.16617109394311}",Healthy Expansion,Normal,Expansion,Risk-On,Tightening,"{'pdh': 49.72999954223633, 'pdl': 49.05500030517578, 'pd_mid': 49.392499923706055, 'risk': 1.4298215593610522, 'max_hold_days': 1}"
V,2026-04-15,PDHL Breakout,long,314.02370144653315,315.6140626831055,303.721068246024,323.69891466413225,11:55:00,15:55:00,0.77,0.5064,close,1,7.62,WV,"{'pdh': 304.3299865722656, 'pdl': 299.4599914550781, 'vol_ratio': np.float64(2.38), 'vwap_confirmed': True, 'vwap_value': 312.84725269620253}",Healthy Expansion,Normal,Expansion,Risk-On,Tightening,"{'pdh': 304.3299865722656, 'pdl': 299.4599914550781, 'pd_mid': 301.8949890136719, 'risk': 9.988923209054121, 'max_hold_days': 1}"
LLY,2026-04-15,PDHL Breakout,short,903.096,905.7548255615234,945.1160779680524,862.8839220319476,11:50:00,15:55:00,-0.32,-0.2944,close,1,5.37,WV,"{'pdh': 935.989990234375, 'pdl': 920.3200073242188, 'vol_ratio': np.float64(2.12), 'vwap_confirmed': True, 'vwap_value': 916.4246320152645}",Healthy Expansion,Normal,Expansion,Risk-On,Tightening,"{'pdh': 935.989990234375, 'pdl': 920.3200073242188, 'pd_mid': 928.1549987792969, 'risk': 41.11607796805242, 'max_hold_days': 1}"
PLD,2026-04-15,PDHL Breakout,long,139.3742356109619,139.6202345123291,135.02428681509835,143.44571440560478,15:45:00,15:55:00,0.28,0.1765,close,1,8.01,WV,"{'pdh': 134.08999633789062, 'pdl': 132.3300018310547, 'vol_ratio': np.float64(2.35), 'vwap_confirmed': True, 'vwap_value': 138.51967779936925}",Healthy Expansion,Normal,Expansion,Risk-On,Tightening,"{'pdh': 134.08999633789062, 'pdl': 132.3300018310547, 'pd_mid': 133.20999908447266, 'risk': 4.210713795253213, 'max_hold_days': 1}"
SO,2026-04-15,PDHL Breakout,short,94.98492182922364,94.73463938903808,97.43285642351422,92.72714723859517,10:30:00,15:55:00,0.51,0.2635,close,1,9.7,WV,"{'pdh': 97.94000244140625, 'pdl': 96.95999908447266, 'vol_ratio': np.float64(2.32), 'vwap_confirmed': True, 'vwap_value': 95.1782733622}",Healthy Expansion,Normal,Expansion,Risk-On,Tightening,"{'pdh': 97.94000244140625, 'pdl': 96.95999908447266, 'pd_mid': 97.45000076293945, 'risk': 2.3528545924595363, 'max_hold_days': 1}"
MA,2026-04-15,PDHL Breakout,long,516.3458471069335,519.4100626831055,497.9764001028879,533.6836340767996,11:15:00,15:55:00,0.83,0.5934,close,1,7.03,WV,"{'pdh': 501.20001220703125, 'pdl': 491.1763000488281, 'vol_ratio': np.float64(2.17), 'vwap_confirmed': True, 'vwap_value': 515.1776277293917}",Healthy Expansion,Normal,Expansion,Risk-On,Tightening,"{'pdh': 501.20001220703125, 'pdl': 491.1763000488281, 'pd_mid': 496.1881561279297, 'risk': 17.8536169869559, 'max_hold_days': 1}"
SPG,2026-04-15,PDHL Breakout,long,200.5803848876953,201.3984060974121,194.628044128418,206.13196563720703,12:30:00,15:55:00,0.69,0.4078,close,1,8.42,WV,"{'pdh': 189.92999267578125, 'pdl': 187.22500610351562, 'vol_ratio': np.float64(2.46), 'vwap_confirmed': True, 'vwap_value': 200.1693935758293}",Healthy Expansion,Normal,Expansion,Risk-On,Tightening,"{'pdh': 189.92999267578125, 'pdl': 187.22500610351562, 'pd_mid': 188.57749938964844, 'risk': 5.751960754394531, 'max_hold_days': 1}"
XLC,2026-04-15,PDHL Breakout,long,117.57745908355712,117.2726093902588,114.78180232897998,120.13819583996532,11:20:00,15:55:00,-0.55,-0.2593,close,1,10.51,WV,"{'pdh': 112.5199966430664, 'pdl': 111.66000366210938, 'vol_ratio': np.float64(4.08), 'vwap_confirmed': True, 'vwap_value': 117.30301796098063}",Healthy Expansion,Normal,Expansion,Risk-On,Tightening,"{'pdh': 112.5199966430664, 'pdl': 111.66000366210938, 'pd_mid': 112.09000015258789, 'risk': 2.678196755492678, 'max_hold_days': 1}"
XLV,2026-04-15,PDHL Breakout,long,148.01786511230466,147.63221878051758,144.77755166837537,150.96243856599963,15:40:00,15:55:00,-0.6,-0.2605,close,1,11.42,WV,"{'pdh': 147.1300048828125, 'pdl': 145.86000061035156, 'vol_ratio': np.float64(2.19), 'vwap_confirmed': True, 'vwap_value': 147.81801869353512}",Healthy Expansion,Normal,Expansion,Risk-On,Tightening,"{'pdh': 147.1300048828125, 'pdl': 145.86000061035156, 'pd_mid': 146.49500274658203, 'risk': 3.0924434488121335, 'max_hold_days': 1}"
XLI,2026-04-15,PDHL Breakout,long,171.39623110961912,171.01881243896483,165.91931379689285,176.5306984101384,15:50:00,15:55:00,-0.34,-0.2202,close,1,7.82,WV,"{'pdh': 164.35009765625, 'pdl': 162.77000427246094, 'vol_ratio': np.float64(2.1), 'vwap_confirmed': True, 'vwap_value': 171.17987504307683}",Healthy Expansion,Normal,Expansion,Risk-On,Tightening,"{'pdh': 164.35009765625, 'pdl': 162.77000427246094, 'pd_mid': 163.56005096435547, 'risk': 5.305692306622774, 'max_hold_days': 1}"
XLY,2026-04-15,PDHL Breakout,long,117.91780305480955,118.03185152435304,114.26867250541218,121.33133359810344,11:30:00,15:55:00,0.16,0.0967,close,1,8.08,WV,"{'pdh': 109.2300033569336, 'pdl': 107.93000030517578, 'vol_ratio': np.float64(2.01), 'vwap_confirmed': True, 'vwap_value': 116.9397652725087}",Healthy Expansion,Normal,Expansion,Risk-On,Tightening,"{'pdh': 109.2300033569336, 'pdl': 107.93000030517578, 'pd_mid': 108.58000183105469, 'risk': 3.531330546345629, 'max_hold_days': 1}"
XLU,2026-04-15,PDHL Breakout,short,46.0439101524353,46.07102652740478,47.25177553697489,44.92822476820089,12:40:00,15:55:00,-0.11,-0.0589,close,1,9.53,WV,"{'pdh': 46.496498107910156, 'pdl': 46.095001220703125, 'vol_ratio': np.float64(2.4), 'vwap_confirmed': True, 'vwap_value': 46.12096344672909}",Healthy Expansion,Normal,Expansion,Risk-On,Tightening,"{'pdh': 46.496498107910156, 'pdl': 46.095001220703125, 'pd_mid': 46.29574966430664, 'risk': 1.1617753843869991, 'max_hold_days': 1}"
XLRE,2026-04-15,PDHL Breakout,long,43.32828484725952,43.36159378051758,42.26503157217132,44.3049681226529,12:30:00,15:55:00,0.16,0.0769,close,1,10.19,WV,"{'pdh': 41.86989974975586, 'pdl': 41.40999984741211, 'vol_ratio': np.float64(2.61), 'vwap_confirmed': True, 'vwap_value': 43.23622957627597}",Healthy Expansion,Normal,Expansion,Risk-On,Tightening,"{'pdh': 41.86989974975586, 'pdl': 41.40999984741211, 'pd_mid': 41.639949798583984, 'risk': 1.0199682752407924, 'max_hold_days': 1}"
XLF,2026-04-15,PDHL Breakout,long,52.16211061096191,52.10284378051758,50.80808387228828,53.411917348414846,11:25:00,15:55:00,-0.22,-0.1136,close,1,9.63,WV,"{'pdh': 50.005001068115234, 'pdl': 49.45000076293945, 'vol_ratio': np.float64(4.12), 'vwap_confirmed': True, 'vwap_value': 52.06442103591213}",Healthy Expansion,Normal,Expansion,Risk-On,Tightening,"{'pdh': 50.005001068115234, 'pdl': 49.45000076293945, 'pd_mid': 49.727500915527344, 'risk': 1.3019167380632837, 'max_hold_days': 1}"
BRK-B,2026-04-15,PDHL Breakout,short,474.4400935363769,474.55406655883786,483.9417942592076,465.88822283063615,15:35:00,15:55:00,-0.06,-0.024,close,1,12.48,WV,"{'pdh': 479.489990234375, 'pdl': 475.3500061035156, 'vol_ratio': np.float64(2.02), 'vwap_confirmed': True, 'vwap_value': 475.88857296151946}",Healthy Expansion,Normal,Expansion,Risk-On,Tightening,"{'pdh': 479.489990234375, 'pdl': 475.3500061035156, 'pd_mid': 477.4199981689453, 'risk': 9.026785714285722, 'max_hold_days': 1}"
MSFT,2026-04-15,PDHL Breakout,long,412.8324334411621,410.8615238342285,400.09659685407365,424.7434300013951,14:25:00,15:55:00,-0.77,-0.4774,close,1,8.1,WV,"{'pdh': 373.7300109863281, 'pdl': 369.50140380859375, 'vol_ratio': np.float64(2.34), 'vwap_confirmed': True, 'vwap_value': 406.06997550727493}",Healthy Expansion,Normal,Expansion,Risk-On,Tightening,"{'pdh': 373.7300109863281, 'pdl': 369.50140380859375, 'pd_mid': 371.61570739746094, 'risk': 12.323416573660722, 'max_hold_days': 1}"
XLE,2026-04-15,PDHL Breakout,short,55.70923439025879,55.81575831985473,58.09408251484037,53.4359162644565,15:50:00,15:55:00,-0.22,-0.1912,close,1,5.84,WV,"{'pdh': 59.645198822021484, 'pdl': 58.89099884033203, 'vol_ratio': np.float64(2.8), 'vwap_confirmed': True, 'vwap_value': 55.78099756330127}",Healthy Expansion,Normal,Expansion,Risk-On,Tightening,"{'pdh': 59.645198822021484, 'pdl': 58.89099884033203, 'pd_mid': 59.26809883117676, 'risk': 2.3290831251919357, 'max_hold_days': 1}"
CPER,2026-04-15,PDHL Breakout,long,37.297258319854734,37.23273045730591,36.01499884469168,38.50499779837472,10:55:00,15:55:00,-0.25,-0.173,close,1,7.27,WV,"{'pdh': 34.40999984741211, 'pdl': 34.099998474121094, 'vol_ratio': np.float64(2.35), 'vwap_confirmed': True, 'vwap_value': 37.21433334922356}",Healthy Expansion,Normal,Expansion,Risk-On,Tightening,"{'pdh': 34.40999984741211, 'pdl': 34.099998474121094, 'pd_mid': 34.2549991607666, 'risk': 1.244999476841521, 'max_hold_days': 1}"
NVDA,2026-04-15,PDHL Breakout,long,200.129922668457,198.6689300537109,192.46534837995256,207.39463697161,11:45:00,15:55:00,-0.95,-0.73,close,1,6.53,WV,"{'pdh': 177.7899932861328, 'pdl': 175.75999450683594, 'vol_ratio': np.float64(3.23), 'vwap_confirmed': True, 'vwap_value': 198.78517665083794}",Healthy Expansion,Normal,Expansion,Risk-On,Tightening,"{'pdh': 177.7899932861328, 'pdl': 175.75999450683594, 'pd_mid': 176.77499389648438, 'risk': 7.464644295828691, 'max_hold_days': 1}"
AAPL,2026-04-15,PDHL Breakout,long,266.0657877807617,266.1036251220703,257.83498818533764,273.76498740059986,15:45:00,15:55:00,0.02,0.0142,close,1,8.08,WV,"{'pdh': 262.1600036621094, 'pdl': 256.4800109863281, 'vol_ratio': np.float64(2.14), 'vwap_confirmed': True, 'vwap_value': 263.05637519831566}",Healthy Expansion,Normal,Expansion,Risk-On,Tightening,"{'pdh': 262.1600036621094, 'pdl': 256.4800109863281, 'pd_mid': 259.32000732421875, 'risk': 7.964999607631114, 'max_hold_days': 1}"
AVGO,2026-04-15,PDHL Breakout,long,394.9545575561523,396.2133753662109,377.7082709650614,411.4117241521261,15:05:00,15:55:00,0.36,0.3187,close,1,5.73,WV,"{'pdh': 316.3500061035156, 'pdl': 310.2799987792969, 'vol_ratio': np.float64(2.28), 'vwap_confirmed': True, 'vwap_value': 392.6775543701141}",Healthy Expansion,Normal,Expansion,Risk-On,Tightening,"{'pdh': 316.3500061035156, 'pdl': 310.2799987792969, 'pd_mid': 313.31500244140625, 'risk': 16.851726593532362, 'max_hold_days': 1}"
GOOGL,2026-04-15,PDHL Breakout,long,336.40106744384764,336.8128439025879,323.7799987792969,348.3500061035156,14:30:00,15:55:00,0.16,0.1224,close,1,6.66,WV,"{'pdh': 299.7200012207031, 'pdl': 295.17999267578125, 'vol_ratio': np.float64(4.34), 'vwap_confirmed': True, 'vwap_value': 333.7776683264104}",Healthy Expansion,Normal,Expansion,Risk-On,Tightening,"{'pdh': 299.7200012207031, 'pdl': 295.17999267578125, 'pd_mid': 297.4499969482422, 'risk': 12.285003662109375, 'max_hold_days': 1}"
GOOG,2026-04-15,PDHL Breakout,long,333.58325,334.11556219482424,321.6764362880162,344.8235637119838,14:30:00,15:55:00,0.22,0.1596,close,1,7.0,WV,"{'pdh': 297.57000732421875, 'pdl': 293.79998779296875, 'vol_ratio': np.float64(3.52), 'vwap_confirmed': True, 'vwap_value': 331.15402824484096}",Healthy Expansion,Normal,Expansion,Risk-On,Tightening,"{'pdh': 297.57000732421875, 'pdl': 293.79998779296875, 'pd_mid': 295.68499755859375, 'risk': 11.573563711983809, 'max_hold_days': 1}"
AMZN,2026-04-15,PDHL Breakout,long,248.86861511230467,248.1615936584473,240.1160670689174,257.1239231654576,15:40:00,15:55:00,-0.4,-0.2841,close,1,7.11,WV,"{'pdh': 212.9499969482422, 'pdl': 209.58999633789062, 'vol_ratio': np.float64(2.02), 'vwap_confirmed': True, 'vwap_value': 248.29181350973965}",Healthy Expansion,Normal,Expansion,Risk-On,Tightening,"{'pdh': 212.9499969482422, 'pdl': 209.58999633789062, 'pd_mid': 211.2699966430664, 'risk': 8.503928048270097, 'max_hold_days': 1}"
BAC,2026-04-15,PDHL Breakout,long,54.4794242362976,54.26567969512939,52.7160701751709,56.1339282989502,12:35:00,15:55:00,-0.61,-0.3923,close,1,7.72,WV,"{'pdh': 50.08000183105469, 'pdl': 49.25, 'vol_ratio': np.float64(3.33), 'vwap_confirmed': True, 'vwap_value': 54.348902730666396}",Healthy Expansion,Normal,Expansion,Risk-On,Tightening,"{'pdh': 50.08000183105469, 'pdl': 49.25, 'pd_mid': 49.665000915527344, 'risk': 1.7089290618896484, 'max_hold_days': 1}"
XLK,2026-04-15,PDHL Breakout,long,149.3491969451904,150.09975,144.19709545200882,154.20289844447555,11:40:00,15:55:00,0.73,0.5025,close,1,7.25,WV,"{'pdh': 137.25, 'pdl': 135.7100067138672, 'vol_ratio': np.float64(2.18), 'vwap_confirmed': True, 'vwap_value': 148.83845046031607}",Healthy Expansion,Normal,Expansion,Risk-On,Tightening,"{'pdh': 137.25, 'pdl': 135.7100067138672, 'pd_mid': 136.4800033569336, 'risk': 5.002901496233363, 'max_hold_days': 1}"
XLRE,2026-04-16,PDHL Breakout,long,43.75871515274047,43.76619137191773,42.6950318773471,44.73496842782868,13:55:00,15:55:00,0.04,0.0171,close,1,10.28,WV,"{'pdh': 41.86989974975586, 'pdl': 41.40999984741211, 'vol_ratio': np.float64(2.0), 'vwap_confirmed': True, 'vwap_value': 43.71161181234723}",Healthy Expansion,Normal,Expansion,Risk-On,Tightening,"{'pdh': 41.86989974975586, 'pdl': 41.40999984741211, 'pd_mid': 41.639949798583984, 'risk': 1.0199682752407924, 'max_hold_days': 1}"
XLP,2026-04-16,PDHL Breakout,short,81.23368743896485,81.50141816711425,83.06399011612746,79.56601476668504,12:10:00,15:55:00,-0.73,-0.3296,close,1,11.1,WV,"{'pdh': 82.41999816894531, 'pdl': 81.61000061035156, 'vol_ratio': np.float64(3.96), 'vwap_confirmed': True, 'vwap_value': 81.37779041301582}",Healthy Expansion,Normal,Expansion,Risk-On,Tightening,"{'pdh': 82.41999816894531, 'pdl': 81.61000061035156, 'pd_mid': 82.01499938964844, 'risk': 1.7489876747212065, 'max_hold_days': 1}"
SPG,2026-04-16,PDHL Breakout,long,202.5623606109619,201.09870304870608,196.60803985595703,208.1119613647461,11:10:00,15:55:00,-1.23,-0.7226,close,1,8.5,WV,"{'pdh': 189.92999267578125, 'pdl': 187.22500610351562, 'vol_ratio': np.float64(2.13), 'vwap_confirmed': True, 'vwap_value': 201.8543019593881}",Healthy Expansion,Normal,Expansion,Risk-On,Tightening,"{'pdh': 189.92999267578125, 'pdl': 187.22500610351562, 'pd_mid': 188.57749938964844, 'risk': 5.751960754394531, 'max_hold_days': 1}"
XLB,2026-04-16,PDHL Breakout,long,51.77672347259521,51.71323439025879,50.27323408342378,53.17676286481841,12:00:00,15:55:00,-0.21,-0.1226,close,1,8.61,WV,"{'pdh': 50.43000030517578, 'pdl': 49.849998474121094, 'vol_ratio': np.float64(3.29), 'vwap_confirmed': True, 'vwap_value': 51.71335106600375}",Healthy Expansion,Normal,Expansion,Risk-On,Tightening,"{'pdh': 50.43000030517578, 'pdl': 49.849998474121094, 'pd_mid': 50.13999938964844, 'risk': 1.4517643906973134, 'max_hold_days': 1}"
XLC,2026-04-16,PDHL Breakout,long,118.63851663970948,118.72115634155271,115.84179988757371,121.19819339855908,11:05:00,15:55:00,0.15,0.0697,close,1,10.61,WV,"{'pdh': 112.5199966430664, 'pdl': 111.66000366210938, 'vol_ratio': np.float64(2.14), 'vwap_confirmed': True, 'vwap_value': 118.187004343177}",Healthy Expansion,Normal,Expansion,Risk-On,Tightening,"{'pdh': 112.5199966430664, 'pdl': 111.66000366210938, 'pd_mid': 112.09000015258789, 'risk': 2.678196755492678, 'max_hold_days': 1}"
XLK,2026-04-16,PDHL Breakout,long,152.14199549865722,151.86798426818848,146.9871039969307,156.99290698939743,11:55:00,15:55:00,-0.27,-0.1801,close,1,7.38,WV,"{'pdh': 137.25, 'pdl': 135.7100067138672, 'vol_ratio': np.float64(4.41), 'vwap_confirmed': True, 'vwap_value': 151.09359286292965}",Healthy Expansion,Normal,Expansion,Risk-On,Tightening,"{'pdh': 137.25, 'pdl': 135.7100067138672, 'pd_mid': 136.4800033569336, 'risk': 5.002901496233363, 'max_hold_days': 1}"
XLY,2026-04-16,PDHL Breakout,long,117.7276106109619,117.5223593902588,114.07867006400592,121.1413311566972,15:40:00,15:55:00,-0.28,-0.1743,close,1,8.07,WV,"{'pdh': 109.2300033569336, 'pdl': 107.93000030517578, 'vol_ratio': np.float64(2.34), 'vwap_confirmed': True, 'vwap_value': 117.60480803722493}",Healthy Expansion,Normal,Expansion,Risk-On,Tightening,"{'pdh': 109.2300033569336, 'pdl': 107.93000030517578, 'pd_mid': 108.58000183105469, 'risk': 3.531330546345629, 'max_hold_days': 1}"
JPM,2026-04-16,PDHL Breakout,long,308.7684514465332,309.54015609741214,298.588376726423,318.33160618373324,11:15:00,15:55:00,0.38,0.2499,close,1,7.58,WV,"{'pdh': 296.8299865722656, 'pdl': 293.19500732421875, 'vol_ratio': np.float64(2.41), 'vwap_confirmed': True, 'vwap_value': 308.4510623120838}",Healthy Expansion,Normal,Expansion,Risk-On,Tightening,"{'pdh': 296.8299865722656, 'pdl': 293.19500732421875, 'pd_mid': 295.0124969482422, 'risk': 9.871614728655118, 'max_hold_days': 1}"
MSFT,2026-04-16,PDHL Breakout,long,420.7303075561523,419.6249684143066,407.986580984933,432.6334141322545,15:50:00,15:55:00,-0.43,-0.2627,close,1,8.25,WV,"{'pdh': 373.7300109863281, 'pdl': 369.50140380859375, 'vol_ratio': np.float64(2.78), 'vwap_confirmed': True, 'vwap_value': 417.44917969557355}",Healthy Expansion,Normal,Expansion,Risk-On,Tightening,"{'pdh': 373.7300109863281, 'pdl': 369.50140380859375, 'pd_mid': 371.61570739746094, 'risk': 12.323416573660722, 'max_hold_days': 1}"
MA,2026-04-16,PDHL Breakout,long,520.6551447753906,518.0114992675781,502.2813927786691,537.9886267525809,12:35:00,15:55:00,-0.72,-0.5078,close,1,7.08,WV,"{'pdh': 501.20001220703125, 'pdl': 491.1763000488281, 'vol_ratio': np.float64(5.97), 'vwap_confirmed': True, 'vwap_value': 519.7180889147967}",Healthy Expansion,Normal,Expansion,Risk-On,Tightening,"{'pdh': 501.20001220703125, 'pdl': 491.1763000488281, 'pd_mid': 496.1881561279297, 'risk': 17.8536169869559, 'max_hold_days': 1}"
NVDA,2026-04-16,PDHL Breakout,long,198.4382454986572,198.23980725315852,190.77536119733537,205.70464978899275,15:55:00,,-0.13,-0.1,close,1,6.47,WV,"{'pdh': 177.7899932861328, 'pdl': 175.75999450683594, 'vol_ratio': np.float64(3.31), 'vwap_confirmed': True, 'vwap_value': 198.04395818774856}",Healthy Expansion,Normal,Expansion,Risk-On,Tightening,"{'pdh': 177.7899932861328, 'pdl': 175.75999450683594, 'pd_mid': 176.77499389648438, 'risk': 7.464644295828691, 'max_hold_days': 1}"
AAPL,2026-04-16,PDHL Breakout,long,264.1839334411621,263.09662536621096,255.95501382010323,271.88501303536555,15:15:00,15:55:00,-0.66,-0.4116,close,1,8.03,WV,"{'pdh': 262.1600036621094, 'pdl': 256.4800109863281, 'vol_ratio': np.float64(2.16), 'vwap_confirmed': True, 'vwap_value': 263.2598169527258}",Healthy Expansion,Normal,Expansion,Risk-On,Tightening,"{'pdh': 262.1600036621094, 'pdl': 256.4800109863281, 'pd_mid': 259.32000732421875, 'risk': 7.9649996076311425, 'max_hold_days': 1}"
AVGO,2026-04-16,PDHL Breakout,long,397.5853901062012,397.9616253662109,380.3364753107645,414.0399284978293,14:15:00,15:55:00,0.11,0.0946,close,1,5.76,WV,"{'pdh': 316.3500061035156, 'pdl': 310.2799987792969, 'vol_ratio': np.float64(2.25), 'vwap_confirmed': True, 'vwap_value': 397.050490317299}",Healthy Expansion,Normal,Expansion,Risk-On,Tightening,"{'pdh': 316.3500061035156, 'pdl': 310.2799987792969, 'pd_mid': 313.31500244140625, 'risk': 16.851726593532362, 'max_hold_days': 1}"
GOOG,2026-04-16,PDHL Breakout,long,335.95561511230466,332.3473126831055,324.0464314052037,347.1935588291713,12:10:00,15:55:00,-1.51,-1.074,close,1,7.05,WV,"{'pdh': 297.57000732421875, 'pdl': 293.79998779296875, 'vol_ratio': np.float64(5.05), 'vwap_confirmed': True, 'vwap_value': 334.54816229530394}",Healthy Expansion,Normal,Expansion,Risk-On,Tightening,"{'pdh': 297.57000732421875, 'pdl': 293.79998779296875, 'pd_mid': 295.68499755859375, 'risk': 11.573563711983809, 'max_hold_days': 1}"
META,2026-04-16,PDHL Breakout,long,676.966268005371,676.1331875610351,646.9649832589286,705.614972795759,15:50:00,15:55:00,-0.14,-0.1231,close,1,5.64,WV,"{'pdh': 582.7899780273438, 'pdl': 573.5599975585938, 'vol_ratio': np.float64(2.08), 'vwap_confirmed': True, 'vwap_value': 673.5687846481052}",Healthy Expansion,Normal,Expansion,Risk-On,Tightening,"{'pdh': 582.7899780273438, 'pdl': 573.5599975585938, 'pd_mid': 578.1749877929688, 'risk': 29.324994768415195, 'max_hold_days': 1}"
WMB,2026-04-16,PDHL Breakout,short,70.5393906097412,70.9108363342285,73.21142741612026,68.00857380458287,11:35:00,15:55:00,-0.7,-0.5266,close,1,6.6,WV,"{'pdh': 73.0, 'pdl': 71.7300033569336, 'vol_ratio': np.float64(2.05), 'vwap_confirmed': True, 'vwap_value': 71.13195365170414}",Healthy Expansion,Normal,Expansion,Risk-On,Tightening,"{'pdh': 73.0, 'pdl': 71.7300033569336, 'pd_mid': 72.3650016784668, 'risk': 2.6014268057686962, 'max_hold_days': 1}"
EQIX,2026-04-16,PDHL Breakout,long,1064.863848876953,1069.649250732422,1036.4957602364675,1091.1043374197825,13:30:00,15:55:00,0.84,0.4494,close,1,9.38,WV,"{'pdh': 1014.9650268554688, 'pdl': 997.864990234375, 'vol_ratio': np.float64(2.2), 'vwap_confirmed': True, 'vwap_value': 1059.6776252336633}",Healthy Expansion,Normal,Expansion,Risk-On,Tightening,"{'pdh': 1014.9650268554688, 'pdl': 997.864990234375, 'pd_mid': 1006.4150085449219, 'risk': 27.30428859165727, 'max_hold_days': 1}"
V,2026-04-16,PDHL Breakout,long,316.40608633422846,314.8148748779297,306.1010731288365,326.07891954694475,14:30:00,15:55:00,-0.77,-0.5029,close,1,7.68,WV,"{'pdh': 304.3299865722656, 'pdl': 299.4599914550781, 'vol_ratio': np.float64(2.29), 'vwap_confirmed': True, 'vwap_value': 315.8563130282144}",Healthy Expansion,Normal,Expansion,Risk-On,Tightening,"{'pdh': 304.3299865722656, 'pdl': 299.4599914550781, 'pd_mid': 301.8949890136719, 'risk': 9.988923209054121, 'max_hold_days': 1}"
AMZN,2026-04-16,PDHL Breakout,long,249.56932733154292,249.46029670715333,240.81607927594865,257.82393537248885,15:50:00,15:55:00,-0.06,-0.0437,close,1,7.13,WV,"{'pdh': 212.9499969482422, 'pdl': 209.58999633789062, 'vol_ratio': np.float64(2.27), 'vwap_confirmed': True, 'vwap_value': 247.50487125597112}",Healthy Expansion,Normal,Expansion,Risk-On,Tightening,"{'pdh': 212.9499969482422, 'pdl': 209.58999633789062, 'pd_mid': 211.2699966430664, 'risk': 8.503928048270097, 'max_hold_days': 1}"
XLU,2026-04-16,PDHL Breakout,short,46.02892576217651,46.38634015274047,47.23677614732645,44.91322537855245,14:20:00,15:55:00,-1.48,-0.7765,close,1,9.53,WV,"{'pdh': 46.496498107910156, 'pdl': 46.095001220703125, 'vol_ratio': np.float64(2.3), 'vwap_confirmed': True, 'vwap_value': 46.098601919506685}",Healthy Expansion,Normal,Expansion,Risk-On,Tightening,"{'pdh': 46.496498107910156, 'pdl': 46.095001220703125, 'pd_mid': 46.29574966430664, 'risk': 1.1617753843869991, 'max_hold_days': 1}"
LLY,2026-04-16,PDHL Breakout,short,907.476319885254,904.3334226684568,949.5007825578962,867.2686266217913,11:35:00,15:55:00,0.37,0.3463,close,1,5.4,WV,"{'pdh': 935.989990234375, 'pdl': 920.3200073242188, 'vol_ratio': np.float64(2.32), 'vwap_confirmed': True, 'vwap_value': 911.6039563704016}",Healthy Expansion,Normal,Expansion,Risk-On,Tightening,"{'pdh': 935.989990234375, 'pdl': 920.3200073242188, 'pd_mid': 928.1549987792969, 'risk': 41.11607796805242, 'max_hold_days': 1}"
BRK-B,2026-04-16,PDHL Breakout,short,473.2712501220703,475.44497122192377,482.7717808314732,464.7182094029018,11:15:00,15:55:00,-1.14,-0.4593,close,1,12.45,WV,"{'pdh': 479.489990234375, 'pdl': 475.3500061035156, 'vol_ratio': np.float64(2.42), 'vwap_confirmed': True, 'vwap_value': 473.94853420415933}",Healthy Expansion,Normal,Expansion,Risk-On,Tightening,"{'pdh': 479.489990234375, 'pdl': 475.3500061035156, 'pd_mid': 477.4199981689453, 'risk': 9.026785714285722, 'max_hold_days': 1}"
UNH,2026-04-16,PDHL Breakout,long,317.05673022460934,316.07362463378905,305.48571014404297,327.99427032470703,15:35:00,15:55:00,-0.42,-0.3101,close,1,6.85,WV,"{'pdh': 283.29998779296875, 'pdl': 277.25, 'vol_ratio': np.float64(3.15), 'vwap_confirmed': True, 'vwap_value': 315.68412932278386}",Healthy Expansion,Normal,Expansion,Risk-On,Tightening,"{'pdh': 283.29998779296875, 'pdl': 277.25, 'pd_mid': 280.2749938964844, 'risk': 11.254280090332031, 'max_hold_days': 1}"
LIN,2026-04-16,PDHL Breakout,short,496.542968536377,499.70920144653314,511.6382326398577,482.4417844499861,14:10:00,15:55:00,-1.05,-0.6377,close,1,8.22,WV,"{'pdh': 503.6199951171875, 'pdl': 497.2699890136719, 'vol_ratio': np.float64(2.01), 'vwap_confirmed': True, 'vwap_value': 498.30471820105174}",Healthy Expansion,Normal,Expansion,Risk-On,Tightening,"{'pdh': 503.6199951171875, 'pdl': 497.2699890136719, 'pd_mid': 500.4449920654297, 'risk': 14.598224094935802, 'max_hold_days': 1}"
RTX,2026-04-16,PDHL Breakout,short,194.73506268310547,196.0558606109619,202.08606175013952,187.77392360142295,12:30:00,15:55:00,-0.9,-0.6783,close,1,6.62,WV,"{'pdh': 198.32000732421875, 'pdl': 195.0, 'vol_ratio': np.float64(2.42), 'vwap_confirmed': True, 'vwap_value': 196.4989948806735}",Healthy Expansion,Normal,Expansion,Risk-On,Tightening,"{'pdh': 198.32000732421875, 'pdl': 195.0, 'pd_mid': 196.66000366210938, 'risk': 7.156069074358271, 'max_hold_days': 1}"
BA,2026-04-16,PDHL Breakout,long,218.0778606109619,218.6111718292236,207.5849979945592,228.135003226144,15:05:00,15:55:00,0.25,0.2446,close,1,5.2,WV,"{'pdh': 211.74000549316406, 'pdl': 207.3699951171875, 'vol_ratio': np.float64(2.85), 'vwap_confirmed': True, 'vwap_value': 217.84720026318007}",Healthy Expansion,Normal,Expansion,Risk-On,Tightening,"{'pdh': 211.74000549316406, 'pdl': 207.3699951171875, 'pd_mid': 209.55500030517578, 'risk': 10.275002615792403, 'max_hold_days': 1}"
TJX,2026-04-16,PDHL Breakout,short,157.27256268310546,157.60744694519042,161.89570781162806,152.96427753993444,11:45:00,15:55:00,-0.36,-0.2129,close,1,8.5,WV,"{'pdh': 162.0399932861328, 'pdl': 159.89999389648438, 'vol_ratio': np.float64(2.99), 'vwap_confirmed': True, 'vwap_value': 158.75931592753284}",Healthy Expansion,Normal,Expansion,Risk-On,Tightening,"{'pdh': 162.0399932861328, 'pdl': 159.89999389648438, 'pd_mid': 160.9699935913086, 'risk': 4.465715135846807, 'max_hold_days': 1}"
WMT,2026-04-16,PDHL Breakout,short,124.66021865844726,124.94481969451904,128.45051852735938,121.11948879685936,15:50:00,15:55:00,-0.38,-0.2283,close,1,8.22,WV,"{'pdh': 126.9800033569336, 'pdl': 125.37000274658203, 'vol_ratio': np.float64(2.24), 'vwap_confirmed': True, 'vwap_value': 124.8486047298477}",Healthy Expansion,Normal,Expansion,Risk-On,Tightening,"{'pdh': 126.9800033569336, 'pdl': 125.37000274658203, 'pd_mid': 126.17500305175781, 'risk': 3.665514865250003, 'max_hold_days': 1}"
SO,2026-04-16,PDHL Breakout,short,94.53536725616456,94.97487725067136,96.9828518458775,92.27714266095845,11:10:00,15:55:00,-0.9,-0.4649,close,1,9.66,WV,"{'pdh': 97.94000244140625, 'pdl': 96.95999908447266, 'vol_ratio': np.float64(2.99), 'vwap_confirmed': True, 'vwap_value': 94.77033871498978}",Healthy Expansion,Normal,Expansion,Risk-On,Tightening,"{'pdh': 97.94000244140625, 'pdl': 96.95999908447266, 'pd_mid': 97.45000076293945, 'risk': 2.3528545924595363, 'max_hold_days': 1}"
MRK,2026-04-16,PDHL Breakout,short,116.29359365844726,115.55043255615232,120.18357685634068,112.63643046787809,10:30:00,15:55:00,0.96,0.639,close,1,7.47,WV,"{'pdh': 121.4800033569336, 'pdl': 120.05000305175781, 'vol_ratio': np.float64(2.93), 'vwap_confirmed': True, 'vwap_value': 117.17981800650098}",Healthy Expansion,Normal,Expansion,Risk-On,Tightening,"{'pdh': 121.4800033569336, 'pdl': 120.05000305175781, 'pd_mid': 120.7650032043457, 'risk': 3.7735731942313038, 'max_hold_days': 1}"
PM,2026-04-16,PDHL Breakout,short,155.92311392211914,156.3862257232666,162.55726379658563,149.60112243388312,13:50:00,15:55:00,-0.35,-0.297,close,1,5.88,WV,"{'pdh': 159.77000427246094, 'pdl': 157.52999877929688, 'vol_ratio': np.float64(3.4), 'vwap_confirmed': True, 'vwap_value': 156.46092306994385}",Healthy Expansion,Normal,Expansion,Risk-On,Tightening,"{'pdh': 159.77000427246094, 'pdl': 157.52999877929688, 'pd_mid': 158.6500015258789, 'risk': 6.478070681351255, 'max_hold_days': 1}"
DUK,2026-04-16,PDHL Breakout,short,127.81206243896484,128.7336007232666,131.28928920200892,124.59071568080358,11:15:00,15:55:00,-1.33,-0.721,close,1,9.19,WV,"{'pdh': 132.6999969482422, 'pdl': 131.0, 'vol_ratio': np.float64(2.7), 'vwap_confirmed': True, 'vwap_value': 128.24572483070853}",Healthy Expansion,Normal,Expansion,Risk-On,Tightening,"{'pdh': 132.6999969482422, 'pdl': 131.0, 'pd_mid': 131.8499984741211, 'risk': 3.3492867606026664, 'max_hold_days': 1}"
AEP,2026-04-16,PDHL Breakout,long,134.18405305480957,134.43043743896484,130.22500583103724,137.8750002724784,14:00:00,15:55:00,0.31,0.1836,close,1,8.47,WV,"{'pdh': 133.1199951171875, 'pdl': 131.6999969482422, 'vol_ratio': np.float64(6.3), 'vwap_confirmed': True, 'vwap_value': 133.96134898352722}",Healthy Expansion,Normal,Expansion,Risk-On,Tightening,"{'pdh': 133.1199951171875, 'pdl': 131.6999969482422, 'pd_mid': 132.40999603271484, 'risk': 3.824997220720576, 'max_hold_days': 1}"
WELL,2026-04-16,PDHL Breakout,long,213.213,214.24554670715327,206.1042823791504,219.8957176208496,11:25:00,15:55:00,0.73,0.4843,close,1,7.5,WV,"{'pdh': 203.08999633789062, 'pdl': 201.1699981689453, 'vol_ratio': np.float64(2.18), 'vwap_confirmed': True, 'vwap_value': 212.58897772159983}",Healthy Expansion,Normal,Expansion,Risk-On,Tightening,"{'pdh': 203.08999633789062, 'pdl': 201.1699981689453, 'pd_mid': 202.12999725341797, 'risk': 6.895717620849609, 'max_hold_days': 1}"
PLD,2026-04-16,PDHL Breakout,long,143.97383183288574,141.9678906097412,139.61928803580147,148.0407156263079,12:35:00,15:55:00,-2.3,-1.3933,close,1,8.27,WV,"{'pdh': 134.08999633789062, 'pdl': 132.3300018310547, 'vol_ratio': np.float64(2.78), 'vwap_confirmed': True, 'vwap_value': 143.7336199193279}",Healthy Expansion,Normal,Expansion,Risk-On,Tightening,"{'pdh': 134.08999633789062, 'pdl': 132.3300018310547, 'pd_mid': 133.20999908447266, 'risk': 4.210713795253213, 'max_hold_days': 1}"
JNJ,2026-04-16,PDHL Breakout,short,232.22754670715327,234.77453327941893,238.43100084577287,226.4890125819615,13:00:00,15:55:00,-2.05,-1.0968,close,1,9.36,WV,"{'pdh': 243.51930236816406, 'pdl': 240.82000732421875, 'vol_ratio': np.float64(2.47), 'vwap_confirmed': True, 'vwap_value': 234.6774461223129}",Healthy Expansion,Normal,Expansion,Risk-On,Tightening,"{'pdh': 243.51930236816406, 'pdl': 240.82000732421875, 'pd_mid': 242.1696548461914, 'risk': 5.970994131905684, 'max_hold_days': 1}"
AMT,2026-04-16,PDHL Breakout,long,178.05287499999997,178.4214060974121,170.14002173287528,185.60997826712472,13:50:00,15:55:00,0.23,0.207,close,1,5.63,WV,"{'pdh': 177.19000244140625, 'pdl': 171.71690368652344, 'vol_ratio': np.float64(2.12), 'vwap_confirmed': True, 'vwap_value': 177.5702031707256}",Healthy Expansion,Normal,Expansion,Risk-On,Tightening,"{'pdh': 177.19000244140625, 'pdl': 171.71690368652344, 'pd_mid': 174.45345306396484, 'risk': 7.734978267124717, 'max_hold_days': 1}"
KO,2026-04-16,PDHL Breakout,short,74.94997652435303,75.24016591644286,76.83552306038993,73.21447999136788,13:50:00,15:55:00,-0.77,-0.3872,close,1,9.94,WV,"{'pdh': 77.18000030517578, 'pdl': 76.2218017578125, 'vol_ratio': np.float64(2.13), 'vwap_confirmed': True, 'vwap_value': 75.30158080563383}",Healthy Expansion,Normal,Expansion,Risk-On,Tightening,"{'pdh': 77.18000030517578, 'pdl': 76.2218017578125, 'pd_mid': 76.70090103149414, 'risk': 1.8105215345110253, 'max_hold_days': 1}"
COST,2026-04-16,PDHL Breakout,short,985.2737497558594,988.1972319946289,1010.78929574149,961.73072378976,14:00:00,15:55:00,-0.57,-0.2967,close,1,9.65,WV,"{'pdh': 1017.9500122070312, 'pdl': 1004.010009765625, 'vol_ratio': np.float64(2.86), 'vwap_confirmed': True, 'vwap_value': 988.7222137933704}",Healthy Expansion,Normal,Expansion,Risk-On,Tightening,"{'pdh': 1017.9500122070312, 'pdl': 1004.010009765625, 'pd_mid': 1010.9800109863281, 'risk': 24.529285975864923, 'max_hold_days': 1}"
META,2026-04-17,PDHL Breakout,long,684.7741168823242,688.0412504882812,654.7650320870536,713.415021623884,12:00:00,15:55:00,0.54,0.4771,close,1,5.7,WV,"{'pdh': 582.7899780273438, 'pdl': 573.5599975585938, 'vol_ratio': np.float64(3.48), 'vwap_confirmed': True, 'vwap_value': 683.1249452792142}",Healthy Expansion,Normal,Expansion,Risk-On,Tightening,"{'pdh': 582.7899780273438, 'pdl': 573.5599975585938, 'pd_mid': 578.1749877929688, 'risk': 29.324994768415195, 'max_hold_days': 1}"
VZ,2026-04-17,PDHL Breakout,short,46.51344137191772,46.559954813289636,47.98982293265207,45.13017981392996,15:55:00,,-0.16,-0.1,close,1,7.88,WV,"{'pdh': 49.72999954223633, 'pdl': 49.05500030517578, 'vol_ratio': np.float64(5.56), 'vwap_confirmed': True, 'vwap_value': 46.57104904845684}",Healthy Expansion,Normal,Expansion,Risk-On,Tightening,"{'pdh': 49.72999954223633, 'pdl': 49.05500030517578, 'pd_mid': 49.392499923706055, 'risk': 1.4298215593610522, 'max_hold_days': 1}"
JNJ,2026-04-17,PDHL Breakout,short,234.2655,234.40416816711422,240.47099413190568,228.52900586809432,15:45:00,15:55:00,-0.11,-0.0592,close,1,9.44,WV,"{'pdh': 243.51930236816406, 'pdl': 240.82000732421875, 'vol_ratio': np.float64(2.05), 'vwap_confirmed': True, 'vwap_value': 234.53509105202653}",Healthy Expansion,Normal,Expansion,Risk-On,Tightening,"{'pdh': 243.51930236816406, 'pdl': 240.82000732421875, 'pd_mid': 242.1696548461914, 'risk': 5.970994131905684, 'max_hold_days': 1}"
UNH,2026-04-17,PDHL Breakout,long,324.0837697753906,324.1854997558594,312.50572967529297,335.01428985595703,15:40:00,15:55:00,0.04,0.0314,close,1,7.0,WV,"{'pdh': 283.29998779296875, 'pdl': 277.25, 'vol_ratio': np.float64(2.44), 'vwap_confirmed': True, 'vwap_value': 322.9809176691437}",Healthy Expansion,Normal,Expansion,Risk-On,Tightening,"{'pdh': 283.29998779296875, 'pdl': 277.25, 'pd_mid': 280.2749938964844, 'risk': 11.254280090332031, 'max_hold_days': 1}"
LIN,2026-04-17,PDHL Breakout,short,491.67284353637694,492.7222409973144,506.7632326398577,477.5667844499861,15:50:00,15:55:00,-0.35,-0.2134,close,1,8.15,WV,"{'pdh': 503.6199951171875, 'pdl': 497.2699890136719, 'vol_ratio': np.float64(2.74), 'vwap_confirmed': True, 'vwap_value': 493.27814647176996}",Healthy Expansion,Normal,Expansion,Risk-On,Tightening,"{'pdh': 503.6199951171875, 'pdl': 497.2699890136719, 'pd_mid': 500.4449920654297, 'risk': 14.598224094935802, 'max_hold_days': 1}"
SHW,2026-04-17,PDHL Breakout,long,347.9876546630859,345.194468536377,334.1003625052316,361.1796667916434,11:40:00,15:55:00,-1.01,-0.8027,close,1,6.26,WV,"{'pdh': 318.1400146484375, 'pdl': 313.7200012207031, 'vol_ratio': np.float64(2.46), 'vwap_confirmed': True, 'vwap_value': 345.9404918280745}",Healthy Expansion,Normal,Expansion,Risk-On,Tightening,"{'pdh': 318.1400146484375, 'pdl': 313.7200012207031, 'pd_mid': 315.9300079345703, 'risk': 13.539652143205899, 'max_hold_days': 1}"
WMT,2026-04-17,PDHL Breakout,long,127.41228866577147,127.34253121948242,123.61948879685936,130.9505185273594,14:50:00,15:55:00,-0.09,-0.0547,close,1,8.4,WV,"{'pdh': 126.9800033569336, 'pdl': 125.37000274658203, 'vol_ratio': np.float64(6.68), 'vwap_confirmed': True, 'vwap_value': 125.34130490961289}",Healthy Expansion,Normal,Expansion,Risk-On,Tightening,"{'pdh': 126.9800033569336, 'pdl': 125.37000274658203, 'pd_mid': 126.17500305175781, 'risk': 3.6655148652500174, 'max_hold_days': 1}"
HD,2026-04-17,PDHL Breakout,long,349.5892302246093,349.04062463378904,336.403208051409,362.076772417341,14:20:00,15:55:00,-0.21,-0.1569,close,1,6.63,WV,"{'pdh': 325.8900146484375, 'pdl': 318.9200134277344, 'vol_ratio': np.float64(2.07), 'vwap_confirmed': True, 'vwap_value': 348.3539443360321}",Healthy Expansion,Normal,Expansion,Risk-On,Tightening,"{'pdh': 325.8900146484375, 'pdl': 318.9200134277344, 'pd_mid': 322.40501403808594, 'risk': 12.836782182965976, 'max_hold_days': 1}"
MCD,2026-04-17,PDHL Breakout,long,312.31199999999995,311.0386560974121,303.7489242553711,320.2510757446289,13:55:00,15:55:00,-0.74,-0.4077,close,1,9.12,WV,"{'pdh': 309.7349853515625, 'pdl': 305.80499267578125, 'vol_ratio': np.float64(2.39), 'vwap_confirmed': True, 'vwap_value': 310.6892433313362}",Healthy Expansion,Normal,Expansion,Risk-On,Tightening,"{'pdh': 309.7349853515625, 'pdl': 305.80499267578125, 'pd_mid': 307.7699890136719, 'risk': 8.251075744628906, 'max_hold_days': 1}"
PG,2026-04-17,PDHL Breakout,long,147.24710610961912,146.77307817077636,143.44214575631278,150.75786645071847,15:40:00,15:55:00,-0.62,-0.3219,close,1,9.67,WV,"{'pdh': 143.6699981689453, 'pdl': 141.94000244140625, 'vol_ratio': np.float64(2.13), 'vwap_confirmed': True, 'vwap_value': 146.4266262322127}",Healthy Expansion,Normal,Expansion,Risk-On,Tightening,"{'pdh': 143.6699981689453, 'pdl': 141.94000244140625, 'pd_mid': 142.80500030517578, 'risk': 3.657860347202842, 'max_hold_days': 1}"
AEP,2026-04-17,PDHL Breakout,long,133.87874011230468,133.50635939025878,129.91999789646692,137.56999233790808,13:20:00,15:55:00,-0.47,-0.2781,close,1,8.45,WV,"{'pdh': 133.1199951171875, 'pdl': 131.6999969482422, 'vol_ratio': np.float64(2.08), 'vwap_confirmed': True, 'vwap_value': 133.11553477117766}",Healthy Expansion,Normal,Expansion,Risk-On,Tightening,"{'pdh': 133.1199951171875, 'pdl': 131.6999969482422, 'pd_mid': 132.40999603271484, 'risk': 3.824997220720576, 'max_hold_days': 1}"
PLD,2026-04-17,PDHL Breakout,long,145.44029316711425,144.9549060974121,141.0842843736921,149.50571196419853,14:20:00,15:55:00,-0.56,-0.3337,close,1,8.35,WV,"{'pdh': 134.08999633789062, 'pdl': 132.3300018310547, 'vol_ratio': np.float64(2.08), 'vwap_confirmed': True, 'vwap_value': 144.19754401921298}",Healthy Expansion,Normal,Expansion,Risk-On,Tightening,"{'pdh': 134.08999633789062, 'pdl': 132.3300018310547, 'pd_mid': 133.20999908447266, 'risk': 4.210713795253213, 'max_hold_days': 1}"
AMT,2026-04-17,PDHL Breakout,long,182.63244694519042,182.1676560974121,174.71501868111747,190.1849752153669,14:25:00,15:55:00,-0.29,-0.2545,close,1,5.77,WV,"{'pdh': 177.19000244140625, 'pdl': 171.71690368652344, 'vol_ratio': np.float64(2.12), 'vwap_confirmed': True, 'vwap_value': 179.7346372944923}",Healthy Expansion,Normal,Expansion,Risk-On,Tightening,"{'pdh': 177.19000244140625, 'pdl': 171.71690368652344, 'pd_mid': 174.45345306396484, 'risk': 7.734978267124717, 'max_hold_days': 1}"
GOOG,2026-04-17,PDHL Breakout,long,338.45811511230465,338.94071878051756,326.5464314052037,349.6935588291713,14:05:00,15:55:00,0.2,0.1426,close,1,7.1,WV,"{'pdh': 297.57000732421875, 'pdl': 293.79998779296875, 'vol_ratio': np.float64(2.8), 'vwap_confirmed': True, 'vwap_value': 335.5051312360329}",Healthy Expansion,Normal,Expansion,Risk-On,Tightening,"{'pdh': 297.57000732421875, 'pdl': 293.79998779296875, 'pd_mid': 295.68499755859375, 'risk': 11.573563711983809, 'max_hold_days': 1}"
CAT,2026-04-17,PDHL Breakout,long,790.4796924438476,793.6755007324218,752.00144304548,827.3785618373325,11:15:00,15:55:00,0.42,0.4043,close,1,5.14,WV,"{'pdh': 722.5700073242188, 'pdl': 704.27001953125, 'vol_ratio': np.float64(2.78), 'vwap_confirmed': True, 'vwap_value': 787.8858305761516}",Healthy Expansion,Normal,Expansion,Risk-On,Tightening,"{'pdh': 722.5700073242188, 'pdl': 704.27001953125, 'pd_mid': 713.4200134277344, 'risk': 37.68855939592629, 'max_hold_days': 1}"
GOOGL,2026-04-17,PDHL Breakout,long,339.48914389038083,341.26837536621093,326.864990234375,351.43499755859375,11:30:00,15:55:00,0.7,0.5241,close,1,6.72,WV,"{'pdh': 299.7200012207031, 'pdl': 295.17999267578125, 'vol_ratio': np.float64(2.6), 'vwap_confirmed': True, 'vwap_value': 337.55676169810386}",Healthy Expansion,Normal,Expansion,Risk-On,Tightening,"{'pdh': 299.7200012207031, 'pdl': 295.17999267578125, 'pd_mid': 297.4499969482422, 'risk': 12.285003662109375, 'max_hold_days': 1}"
XLRE,2026-04-17,PDHL Breakout,long,44.44440152740478,44.4555,43.380033250638114,45.4199698011197,11:45:00,15:55:00,0.05,0.025,close,1,10.44,WV,"{'pdh': 41.86989974975586, 'pdl': 41.40999984741211, 'vol_ratio': np.float64(2.92), 'vwap_confirmed': True, 'vwap_value': 44.22372781319653}",Healthy Expansion,Normal,Expansion,Risk-On,Tightening,"{'pdh': 41.86989974975586, 'pdl': 41.40999984741211, 'pd_mid': 41.639949798583984, 'risk': 1.0199682752407924, 'max_hold_days': 1}"
AAPL,2026-04-17,PDHL Breakout,long,271.2409712219238,269.91481256103515,263.005001613072,278.93500082833424,12:55:00,15:55:00,-0.81,-0.4889,close,1,8.23,WV,"{'pdh': 262.1600036621094, 'pdl': 256.4800109863281, 'vol_ratio': np.float64(3.96), 'vwap_confirmed': True, 'vwap_value': 269.60523513143926}",Healthy Expansion,Normal,Expansion,Risk-On,Tightening,"{'pdh': 262.1600036621094, 'pdl': 256.4800109863281, 'pd_mid': 259.32000732421875, 'risk': 7.964999607631114, 'max_hold_days': 1}"
EQIX,2026-04-17,PDHL Breakout,long,1087.636598876953,1087.2017490234375,1059.2457602364677,1113.8543374197823,12:50:00,15:55:00,-0.08,-0.04,close,1,9.58,WV,"{'pdh': 1014.9650268554688, 'pdl': 997.864990234375, 'vol_ratio': np.float64(2.01), 'vwap_confirmed': True, 'vwap_value': 1084.3276889770334}",Healthy Expansion,Normal,Expansion,Risk-On,Tightening,"{'pdh': 1014.9650268554688, 'pdl': 997.864990234375, 'pd_mid': 1006.4150085449219, 'risk': 27.30428859165727, 'max_hold_days': 1}"
XLK,2026-04-17,PDHL Breakout,long,154.5343848876953,154.16568731689452,149.37710338657914,159.38290637904586,11:45:00,15:55:00,-0.36,-0.2386,close,1,7.49,WV,"{'pdh': 137.25, 'pdl': 135.7100067138672, 'vol_ratio': np.float64(2.12), 'vwap_confirmed': True, 'vwap_value': 154.26880770536445}",Healthy Expansion,Normal,Expansion,Risk-On,Tightening,"{'pdh': 137.25, 'pdl': 135.7100067138672, 'pd_mid': 136.4800033569336, 'risk': 5.002901496233363, 'max_hold_days': 1}"
XLF,2026-04-17,PDHL Breakout,long,52.9879363746643,52.3775703048706,51.63308463522773,54.2369181113543,12:40:00,15:55:00,-2.25,-1.1519,close,1,9.78,WV,"{'pdh': 50.005001068115234, 'pdl': 49.45000076293945, 'vol_ratio': np.float64(2.1), 'vwap_confirmed': True, 'vwap_value': 52.680012417396064}",Healthy Expansion,Normal,Expansion,Risk-On,Tightening,"{'pdh': 50.005001068115234, 'pdl': 49.45000076293945, 'pd_mid': 49.727500915527344, 'risk': 1.3019167380632837, 'max_hold_days': 1}"
XLV,2026-04-17,PDHL Breakout,long,148.96882733154294,148.62621890258788,145.72756387540662,151.91245077303088,15:50:00,15:55:00,-0.53,-0.23,close,1,11.49,WV,"{'pdh': 147.1300048828125, 'pdl': 145.86000061035156, 'vol_ratio': np.float64(3.98), 'vwap_confirmed': True, 'vwap_value': 148.5684758847765}",Healthy Expansion,Normal,Expansion,Risk-On,Tightening,"{'pdh': 147.1300048828125, 'pdl': 145.86000061035156, 'pd_mid': 146.49500274658203, 'risk': 3.0924434488121335, 'max_hold_days': 1}"
XLB,2026-04-17,PDHL Breakout,long,52.20215152740478,51.82812106704712,50.69823713518159,53.60176591657622,13:20:00,15:55:00,-1.24,-0.7165,close,1,8.68,WV,"{'pdh': 50.43000030517578, 'pdl': 49.849998474121094, 'vol_ratio': np.float64(2.79), 'vwap_confirmed': True, 'vwap_value': 51.96991263736119}",Healthy Expansion,Normal,Expansion,Risk-On,Tightening,"{'pdh': 50.43000030517578, 'pdl': 49.849998474121094, 'pd_mid': 50.13999938964844, 'risk': 1.4517643906973134, 'max_hold_days': 1}"
XLI,2026-04-17,PDHL Breakout,long,174.6244469451904,173.24657817077636,169.1443046416194,179.75568925486496,11:50:00,15:55:00,-1.26,-0.789,close,1,7.97,WV,"{'pdh': 164.35009765625, 'pdl': 162.77000427246094, 'vol_ratio': np.float64(2.46), 'vwap_confirmed': True, 'vwap_value': 173.7084079599735}",Healthy Expansion,Normal,Expansion,Risk-On,Tightening,"{'pdh': 164.35009765625, 'pdl': 162.77000427246094, 'pd_mid': 163.56005096435547, 'risk': 5.305692306622774, 'max_hold_days': 1}"
AVGO,2026-04-17,PDHL Breakout,long,405.7553561096191,406.04356219482423,388.49827950998326,422.201732697048,15:40:00,15:55:00,0.08,0.071,close,1,5.88,WV,"{'pdh': 316.3500061035156, 'pdl': 310.2799987792969, 'vol_ratio': np.float64(3.13), 'vwap_confirmed': True, 'vwap_value': 402.85435541930934}",Healthy Expansion,Normal,Expansion,Risk-On,Tightening,"{'pdh': 316.3500061035156, 'pdl': 310.2799987792969, 'pd_mid': 313.31500244140625, 'risk': 16.851726593532362, 'max_hold_days': 1}"
XLY,2026-04-17,PDHL Breakout,long,121.53141366577147,120.29957817077637,117.87867311576375,124.941334208455,11:10:00,15:55:00,-1.69,-1.0136,close,1,8.32,WV,"{'pdh': 109.2300033569336, 'pdl': 107.93000030517578, 'vol_ratio': np.float64(3.19), 'vwap_confirmed': True, 'vwap_value': 120.74906958766385}",Healthy Expansion,Normal,Expansion,Risk-On,Tightening,"{'pdh': 109.2300033569336, 'pdl': 107.93000030517578, 'pd_mid': 108.58000183105469, 'risk': 3.531330546345629, 'max_hold_days': 1}"
XLC,2026-04-17,PDHL Breakout,long,119.39927877807615,118.95092969512939,116.6018020238042,121.95819553478955,11:00:00,15:55:00,-0.8,-0.3755,close,1,10.67,WV,"{'pdh': 112.5199966430664, 'pdl': 111.66000366210938, 'vol_ratio': np.float64(2.31), 'vwap_confirmed': True, 'vwap_value': 118.9042700690565}",Healthy Expansion,Normal,Expansion,Risk-On,Tightening,"{'pdh': 112.5199966430664, 'pdl': 111.66000366210938, 'pd_mid': 112.09000015258789, 'risk': 2.678196755492678, 'max_hold_days': 1}"
BRK-B,2026-04-17,PDHL Breakout,short,474.56496853637697,474.89443344116205,484.0667942592076,466.01322283063615,15:45:00,15:55:00,-0.17,-0.0694,close,1,12.49,WV,"{'pdh': 479.489990234375, 'pdl': 475.3500061035156, 'vol_ratio': np.float64(3.37), 'vwap_confirmed': True, 'vwap_value': 477.1890329087457}",Healthy Expansion,Normal,Expansion,Risk-On,Tightening,"{'pdh': 479.489990234375, 'pdl': 475.3500061035156, 'pd_mid': 477.4199981689453, 'risk': 9.026785714285722, 'max_hold_days': 1}"
V,2026-04-17,PDHL Breakout,long,318.0777697753906,316.7029690246582,307.7710865565709,327.7489329746791,15:50:00,15:55:00,-0.67,-0.4322,close,1,7.72,WV,"{'pdh': 304.3299865722656, 'pdl': 299.4599914550781, 'vol_ratio': np.float64(3.09), 'vwap_confirmed': True, 'vwap_value': 317.25102442119714}",Healthy Expansion,Normal,Expansion,Risk-On,Tightening,"{'pdh': 304.3299865722656, 'pdl': 299.4599914550781, 'pd_mid': 301.8949890136719, 'risk': 9.988923209054121, 'max_hold_days': 1}"
MA,2026-04-17,PDHL Breakout,long,523.3277976684569,520.7487495117188,504.95137568882535,540.6586096627371,11:15:00,15:55:00,-0.7,-0.4928,close,1,7.12,WV,"{'pdh': 501.20001220703125, 'pdl': 491.1763000488281, 'vol_ratio': np.float64(2.75), 'vwap_confirmed': True, 'vwap_value': 522.4196083767076}",Healthy Expansion,Normal,Expansion,Risk-On,Tightening,"{'pdh': 501.20001220703125, 'pdl': 491.1763000488281, 'pd_mid': 496.1881561279297, 'risk': 17.8536169869559, 'max_hold_days': 1}"
BAC,2026-04-17,PDHL Breakout,long,54.639584083557125,53.846101524353024,52.87607002258301,56.293928146362305,12:50:00,15:55:00,-2.25,-1.4522,close,1,7.75,WV,"{'pdh': 50.08000183105469, 'pdl': 49.25, 'vol_ratio': np.float64(2.16), 'vwap_confirmed': True, 'vwap_value': 54.17368294997741}",Healthy Expansion,Normal,Expansion,Risk-On,Tightening,"{'pdh': 50.08000183105469, 'pdl': 49.25, 'pd_mid': 49.665000915527344, 'risk': 1.7089290618896484, 'max_hold_days': 1}"
NVDA,2026-04-17,PDHL Breakout,long,200.89069244384763,201.44834390258788,193.22535814557756,208.15464673723494,12:25:00,15:55:00,0.36,0.2776,close,1,6.55,WV,"{'pdh': 177.7899932861328, 'pdl': 175.75999450683594, 'vol_ratio': np.float64(2.54), 'vwap_confirmed': True, 'vwap_value': 200.5761573938476}",Healthy Expansion,Normal,Expansion,Risk-On,Tightening,"{'pdh': 177.7899932861328, 'pdl': 175.75999450683594, 'pd_mid': 176.77499389648438, 'risk': 7.464644295828691, 'max_hold_days': 1}"
XLP,2026-04-17,PDHL Breakout,long,82.52744469451903,82.36754695129395,80.69601202010301,84.19398736954543,15:45:00,15:55:00,-0.44,-0.1938,close,1,11.27,WV,"{'pdh': 82.41999816894531, 'pdl': 81.61000061035156, 'vol_ratio': np.float64(5.61), 'vwap_confirmed': True, 'vwap_value': 82.01179942333309}",Healthy Expansion,Normal,Expansion,Risk-On,Tightening,"{'pdh': 82.41999816894531, 'pdl': 81.61000061035156, 'pd_mid': 82.01499938964844, 'risk': 1.7489876747212065, 'max_hold_days': 1}"
SPG,2026-04-17,PDHL Breakout,long,206.44613858032224,205.91387512207032,200.4879379272461,211.99185943603516,14:50:00,15:55:00,-0.45,-0.2578,close,1,8.66,WV,"{'pdh': 189.92999267578125, 'pdl': 187.22500610351562, 'vol_ratio': np.float64(2.08), 'vwap_confirmed': True, 'vwap_value': 205.0719413564751}",Healthy Expansion,Normal,Expansion,Risk-On,Tightening,"{'pdh': 189.92999267578125, 'pdl': 187.22500610351562, 'pd_mid': 188.57749938964844, 'risk': 5.751960754394531, 'max_hold_days': 1}"
